/*
SQLyog Ultimate v12.09 (64 bit)
MySQL - 5.7.28-0ubuntu0.16.04.2 : Database - step-app
*********************************************************************
*/

/*!40101 SET NAMES utf8 */;

/*!40101 SET SQL_MODE=''*/;

/*!40014 SET @OLD_UNIQUE_CHECKS=@@UNIQUE_CHECKS, UNIQUE_CHECKS=0 */;
/*!40014 SET @OLD_FOREIGN_KEY_CHECKS=@@FOREIGN_KEY_CHECKS, FOREIGN_KEY_CHECKS=0 */;
/*!40101 SET @OLD_SQL_MODE=@@SQL_MODE, SQL_MODE='NO_AUTO_VALUE_ON_ZERO' */;
/*!40111 SET @OLD_SQL_NOTES=@@SQL_NOTES, SQL_NOTES=0 */;
CREATE DATABASE /*!32312 IF NOT EXISTS*/`step-app` /*!40100 DEFAULT CHARACTER SET utf8 */;

USE `step-app`;

/*Table structure for table `access_tokens` */

DROP TABLE IF EXISTS `access_tokens`;

CREATE TABLE `access_tokens` (
  `id` int(10) unsigned NOT NULL AUTO_INCREMENT,
  `user_id` int(10) unsigned NOT NULL,
  `access_token` varchar(255) COLLATE utf8mb4_unicode_ci NOT NULL,
  `expiry_time` varchar(45) COLLATE utf8mb4_unicode_ci NOT NULL,
  `created_at` timestamp NULL DEFAULT NULL,
  `updated_at` timestamp NULL DEFAULT NULL,
  `deleted_at` timestamp NULL DEFAULT NULL,
  PRIMARY KEY (`id`),
  KEY `access_tokens_user_id_foreign` (`user_id`)
) ENGINE=InnoDB AUTO_INCREMENT=19 DEFAULT CHARSET=utf8mb4 COLLATE=utf8mb4_unicode_ci;

/*Data for the table `access_tokens` */

insert  into `access_tokens`(`id`,`user_id`,`access_token`,`expiry_time`,`created_at`,`updated_at`,`deleted_at`) values (1,1,'uXprbL270FpqPiou1575965251','1607501251','2019-12-10 08:07:31','2019-12-10 08:07:31',NULL),(2,2,'CHjrkfHIvrIqZT6y1576053170','1607589170','2019-12-10 08:11:04','2019-12-11 08:32:50',NULL),(3,3,'K9deKSjWc8g4kCuQ1575977435','1607513435','2019-12-10 08:17:44','2019-12-10 11:30:35',NULL),(4,4,'SnUecZe8OHPSem9V1575967508','1607503508','2019-12-10 08:45:08','2019-12-10 08:45:08',NULL),(5,5,'ywmmvhH9Grp1eOKU1575973834','1607509834','2019-12-10 09:13:59','2019-12-10 10:30:34',NULL),(6,6,'vRn8uXHO1AAqN5HF1576058586','1607594586','2019-12-10 09:46:24','2019-12-11 10:03:06',NULL),(7,7,'gttRxvVg7dHaUdjK1575971539','1607507539','2019-12-10 09:52:19','2019-12-10 09:52:19',NULL),(8,8,'wDGLVGAZlg1B8Dmp1576057754','1607593754','2019-12-10 10:21:30','2019-12-11 09:49:14',NULL),(9,9,'noUmOz4Ci1VzWgHr1575973735','1607509735','2019-12-10 10:22:31','2019-12-10 10:28:55',NULL),(10,10,'JsjjGyetHLj53nDZ1576055359','1607591359','2019-12-10 12:17:46','2019-12-11 09:09:19',NULL),(11,11,'ZelEl6y8NBq4UtdU1576058822','1607594822','2019-12-11 08:17:09','2019-12-11 10:07:02',NULL),(12,12,'b4t2bSjKhFAgT7pq1576055195','1607591195','2019-12-11 09:06:35','2019-12-11 09:06:35',NULL),(13,13,'Z0U1esGaO5wxEDyW1576056764','1607592764','2019-12-11 09:28:50','2019-12-11 09:32:44',NULL),(14,14,'UPOqYVv0KELQw6Py1576056916','1607592916','2019-12-11 09:35:16','2019-12-11 09:35:16',NULL),(15,15,'7JOdgMpxMiZw73ST1576057203','1607593203','2019-12-11 09:40:03','2019-12-11 09:40:03',NULL),(16,16,'mUWivqXGuW5ggSal1576057976','1607593976','2019-12-11 09:52:56','2019-12-11 09:52:56',NULL),(17,17,'BlFUlgeAedEPKtG01576058704','1607594704','2019-12-11 09:59:34','2019-12-11 10:05:04',NULL),(18,18,'2IpMaaCrLNx8WjGd1576058923','1607594923','2019-12-11 10:08:43','2019-12-11 10:08:43',NULL);

/*Table structure for table `app_users` */

DROP TABLE IF EXISTS `app_users`;

CREATE TABLE `app_users` (
  `id` int(10) unsigned NOT NULL AUTO_INCREMENT,
  `first_name` varchar(255) COLLATE utf8mb4_unicode_ci DEFAULT NULL,
  `last_name` varchar(255) COLLATE utf8mb4_unicode_ci DEFAULT NULL,
  `email` varchar(255) COLLATE utf8mb4_unicode_ci DEFAULT NULL,
  `password` varchar(255) COLLATE utf8mb4_unicode_ci DEFAULT NULL,
  `phone_number` varchar(50) COLLATE utf8mb4_unicode_ci DEFAULT NULL,
  `verification_token` text COLLATE utf8mb4_unicode_ci,
  `photo` varchar(255) COLLATE utf8mb4_unicode_ci DEFAULT NULL,
  `device_token` varchar(255) COLLATE utf8mb4_unicode_ci DEFAULT NULL,
  `platform_type` varchar(255) COLLATE utf8mb4_unicode_ci DEFAULT NULL,
  `platform_id` varchar(255) COLLATE utf8mb4_unicode_ci DEFAULT NULL,
  `image_url` varchar(255) COLLATE utf8mb4_unicode_ci DEFAULT NULL,
  `reset_token` varchar(255) COLLATE utf8mb4_unicode_ci DEFAULT NULL,
  `is_notify` tinyint(1) DEFAULT NULL,
  `is_paid` int(11) DEFAULT '0',
  `is_active` int(11) DEFAULT '0',
  `avg_score` float(10,2) DEFAULT NULL,
  `avg_mock_score` float(10,2) DEFAULT NULL,
  `badge` varchar(50) COLLATE utf8mb4_unicode_ci DEFAULT NULL,
  `last_word_id` int(11) DEFAULT NULL,
  `created_at` timestamp NULL DEFAULT NULL,
  `updated_at` timestamp NULL DEFAULT NULL,
  `deleted_at` timestamp NULL DEFAULT NULL,
  PRIMARY KEY (`id`)
) ENGINE=InnoDB AUTO_INCREMENT=19 DEFAULT CHARSET=utf8mb4 COLLATE=utf8mb4_unicode_ci;

/*Data for the table `app_users` */

insert  into `app_users`(`id`,`first_name`,`last_name`,`email`,`password`,`phone_number`,`verification_token`,`photo`,`device_token`,`platform_type`,`platform_id`,`image_url`,`reset_token`,`is_notify`,`is_paid`,`is_active`,`avg_score`,`avg_mock_score`,`badge`,`last_word_id`,`created_at`,`updated_at`,`deleted_at`) values (1,'Samreen','Cubix','sajal.test11@gmail.com',NULL,NULL,NULL,NULL,'1111111111','instagram','333222444555','http://localhost/step-app/public/',NULL,NULL,0,0,NULL,NULL,NULL,NULL,'2019-12-10 08:07:31','2019-12-10 08:07:31',NULL),(2,'Asad','Khan','test1@yopmail.com','$2y$10$LAXnTvq53HuEySFQhOlC7uaexrrifUBsPP7xqS7cta8krkPKErdhm',NULL,'21575965465','uploads/0/2019-12/13edea6bcac2d2cd2fc4a0ff91118d1a.jpg','','custom',NULL,NULL,NULL,0,0,1,9.09,33.33,'',NULL,'2019-12-10 08:11:04','2019-12-11 09:05:43',NULL),(3,'Rehan','Yahya','rehanxx1994@gmail.com',NULL,NULL,NULL,'uploads/0/2019-12/d98f47e467eb0ad5305c979f3cdbc749.jpg','','gmail','115808415876464315421','https://lh3.googleusercontent.com/a-/AAuE7mAmIlVkW2EVn13xT270NePRwEcZQD9rlSDgAgw26A=s120',NULL,NULL,0,1,NULL,NULL,NULL,NULL,'2019-12-10 08:17:44','2019-12-10 11:32:50',NULL),(4,'Test','One','test1@yompmail.com','$2y$10$WzrwhgLLH2/n.amjurrek.aj1O2rBnYPNa..mLeK38sKngxHubT8e',NULL,'41575967509',NULL,'','custom',NULL,NULL,NULL,NULL,0,1,NULL,NULL,NULL,NULL,'2019-12-10 08:45:08','2019-12-10 08:55:01',NULL),(5,'Fabiha','Hasan','fabiha.hasan@cubixlabs.com',NULL,NULL,NULL,'uploads/0/2019-12/8e4071cf4285cc9516dc35c245f27250.jpg','','facebook','245016863135690','https://platform-lookaside.fbsbx.com/platform/profilepic/?asid=245016863135690&height=200&width=200&ext=1578565833&hash=AeTG3XjOx7MyqPIY',NULL,NULL,0,1,NULL,NULL,NULL,NULL,'2019-12-10 09:13:59','2019-12-10 15:19:40',NULL),(6,'Test','Cubix','testcubix1@gmail.com',NULL,NULL,NULL,'uploads/0/2019-12/548d3f2138bb23d3eb5e47191f3ac824.jpg','','gmail','107677883560778359848','https://lh3.googleusercontent.com/-3f1_Fx_RPos/AAAAAAAAAAI/AAAAAAAAAAA/ACHi3redwR8sAAceWG6AKDBZXLqDnsuTmQ/s96-c/photo.jpg',NULL,NULL,0,1,NULL,44.44,'',NULL,'2019-12-10 09:46:24','2019-12-11 10:03:16',NULL),(7,'Test','Cubix','testcubix3@gmail.com',NULL,NULL,NULL,NULL,'','gmail','112271528826304080688','https://lh5.googleusercontent.com/-cnCeLt_HW_s/AAAAAAAAAAI/AAAAAAAAAAA/ACHi3rcWvkjN5tuX_bj71nvjhz-MUina1A/s120/photo.jpg',NULL,NULL,0,1,NULL,NULL,NULL,NULL,'2019-12-10 09:52:19','2019-12-10 10:01:05',NULL),(8,'Rehan','Yahya','rehan_786@live.com',NULL,NULL,NULL,'uploads/0/2019-12/2c657fdf9e9c72fd936ab56d38ad1177.jpg','cqD4OnYKYv0:APA91bEa1-1xSaV5PGPN_26qXecFS-DDzVe5gCkSgcOl5a9fieTyoUrZdbbKkbwkGKGFS1zCRmn3F7N9Vu2zTUgaDhn1JQZuxS3vx3KQiLaAhCz5ql_yEugX2dZPy0kmuY6t-uwPUkv7','facebook','10220896102332893','https://platform-lookaside.fbsbx.com/platform/profilepic/?asid=10220896102332893&height=200&width=200&ext=1578649754&hash=AeT-7RE6uCl48ATD',NULL,NULL,0,1,NULL,NULL,NULL,NULL,'2019-12-10 10:21:30','2019-12-11 09:49:14',NULL),(9,NULL,NULL,NULL,NULL,NULL,NULL,NULL,'drU2gXAxUE0:APA91bF8dnBO78yYit06e_Dv5nAcNl6euZUfPck-951neCaFw9aJ7FdWXWE_hy4Fmva4K3lLaf9FWahyms_UT9dyG8RaEVTAIM-3ZSQS50c8abBNSnm3ctKlCRWzB0iTIVT9YqBSPNBi','instagram','17841402106857561',NULL,NULL,NULL,0,0,NULL,NULL,NULL,NULL,'2019-12-10 10:22:31','2019-12-10 10:22:31',NULL),(10,'rehan','yahya','rehan123123@yopmail.com','$2y$10$Aas1J0f468YsavB647lCteOpbyRsP3q45YNJrZC1dZOyWvKwD8.zC',NULL,'101575980266',NULL,'','custom',NULL,NULL,NULL,NULL,0,1,27.27,NULL,NULL,NULL,'2019-12-10 12:17:46','2019-12-11 09:49:03',NULL),(11,'hamas','hassan','hamas@gmail.com','$2y$10$oDJwzU/KIJfoT9Hu6VRs3esazOh1YQrxuIHqmjnNUklECKKk2cFI2',NULL,'111576052230',NULL,'fiftTttV_GA:APA91bFQN8hYLXQ7ZV_0hHenQIAgnCc01z7GqrlU1eLpOTIrdb5hddqflFkt_1qgJxmmgN9DL-tUugLBzqM_g1wM_X2U7Kdn2wzqCinY1jJ8JF5Ebcwvg-AmD3llTrlAx1jCLq4Jc6EZ','custom',NULL,NULL,NULL,1,1,1,NULL,NULL,NULL,NULL,'2019-12-11 08:17:09','2019-12-11 10:09:14',NULL),(12,'Test','Ahsan','test3@yopmail.com','$2y$10$D1C1OljiJnpuZGZMj2Dbc.RKWR.wikECB1KkEGHY67hbjciTrOGE2',NULL,'121576055195',NULL,'','custom',NULL,NULL,NULL,0,1,1,NULL,44.44,'',NULL,'2019-12-11 09:06:34','2019-12-11 09:28:15',NULL),(13,'TestOne45307506',NULL,NULL,NULL,NULL,NULL,NULL,'cj2abEWwAEo:APA91bH4wWnNHOpwNC82Ulo5to_qelfalCmRN1r1xwW-TIlt_Y0QEQeHucce8hyFGKSrJQz-vR5-u3Lb3lW5aHsJr2CoxSbX8BbMgbm_YUxdKALfyAgCRvjAv3ZbJWOZ-Wz6b-DYDfsF','twitter','1204693780928094208',NULL,NULL,NULL,0,0,NULL,NULL,NULL,NULL,'2019-12-11 09:28:50','2019-12-11 09:28:50',NULL),(14,'Asad','Khan','asadkhaniugc1@gmail.com',NULL,NULL,NULL,NULL,'cj2abEWwAEo:APA91bH4wWnNHOpwNC82Ulo5to_qelfalCmRN1r1xwW-TIlt_Y0QEQeHucce8hyFGKSrJQz-vR5-u3Lb3lW5aHsJr2CoxSbX8BbMgbm_YUxdKALfyAgCRvjAv3ZbJWOZ-Wz6b-DYDfsF','facebook','151158029495269','https://platform-lookaside.fbsbx.com/platform/profilepic/?asid=151158029495269&height=200&width=200&ext=1578648916&hash=AeTO6EI_AQnu6D3T',NULL,NULL,0,0,NULL,NULL,NULL,NULL,'2019-12-11 09:35:16','2019-12-11 09:35:16',NULL),(15,'hamas','hassan','hamas1@gmail.com','$2y$10$5fvkh4.Sq90jR.XyZW85Le.hfwZM2Pcr/XgHIaW.h2UP6DLzjgnxu',NULL,'151576057203','uploads/0/2019-12/be9bd28e0d54047b953232b6f7c5dbf5.jpg','','custom',NULL,NULL,NULL,NULL,0,1,45.45,33.33,'',NULL,'2019-12-11 09:40:02','2019-12-11 09:52:15',NULL),(16,'Hamas','Hassan','hamas.hassan.iu@gmail.com',NULL,NULL,NULL,'uploads/0/2019-12/9d648b1a0b68ad85687b33d8532b625d.jpg','','gmail','100889754251942617400','https://lh4.googleusercontent.com/-pPPjlg7K-fI/AAAAAAAAAAI/AAAAAAAAAAA/ACHi3rcD-An9HILUze6NeKyswa1D9yRAhQ/s120/photo.jpg',NULL,NULL,0,1,NULL,NULL,NULL,NULL,'2019-12-11 09:52:56','2019-12-11 09:54:38',NULL),(17,'Ahsan','Cubix','test.cubix4@gmail.com',NULL,NULL,NULL,NULL,'','facebook','165922191429383','https://platform-lookaside.fbsbx.com/platform/profilepic/?asid=165922191429383&height=200&width=200&ext=1578650704&hash=AeTrpnjQfoFkcCKF',NULL,NULL,0,1,NULL,NULL,NULL,NULL,'2019-12-11 09:59:34','2019-12-11 10:07:49',NULL),(18,'Ahsan','Jamil','test4@yopmail.com',NULL,NULL,NULL,'uploads/1/2019-12/super_admin.png','erFDmmROhQI:APA91bEIobNoD6-sHfOL6pj8bM8y8BZlA24iQAIaVK6toSfIDpPYlN0Pd0GxfBuKtfqooH8d-buyIz34ZXTPUda6YoYvVADJDD5FD_I63vbKe42W6JOa0S-1PpQ5mMeUIXM3Zq5LIDJa','instagram','17841426336018263',NULL,NULL,1,0,1,NULL,NULL,NULL,NULL,'2019-12-11 10:08:43','2019-12-13 12:13:59',NULL);

/*Table structure for table `cms_apicustom` */

DROP TABLE IF EXISTS `cms_apicustom`;

CREATE TABLE `cms_apicustom` (
  `id` int(10) unsigned NOT NULL AUTO_INCREMENT,
  `permalink` varchar(255) COLLATE utf8mb4_unicode_ci DEFAULT NULL,
  `tabel` varchar(255) COLLATE utf8mb4_unicode_ci DEFAULT NULL,
  `aksi` varchar(255) COLLATE utf8mb4_unicode_ci DEFAULT NULL,
  `kolom` varchar(255) COLLATE utf8mb4_unicode_ci DEFAULT NULL,
  `orderby` varchar(255) COLLATE utf8mb4_unicode_ci DEFAULT NULL,
  `sub_query_1` varchar(255) COLLATE utf8mb4_unicode_ci DEFAULT NULL,
  `sql_where` varchar(255) COLLATE utf8mb4_unicode_ci DEFAULT NULL,
  `nama` varchar(255) COLLATE utf8mb4_unicode_ci DEFAULT NULL,
  `keterangan` varchar(255) COLLATE utf8mb4_unicode_ci DEFAULT NULL,
  `parameter` varchar(255) COLLATE utf8mb4_unicode_ci DEFAULT NULL,
  `created_at` timestamp NULL DEFAULT NULL,
  `updated_at` timestamp NULL DEFAULT NULL,
  `method_type` varchar(25) COLLATE utf8mb4_unicode_ci DEFAULT NULL,
  `parameters` longtext COLLATE utf8mb4_unicode_ci,
  `responses` longtext COLLATE utf8mb4_unicode_ci,
  PRIMARY KEY (`id`)
) ENGINE=InnoDB AUTO_INCREMENT=41 DEFAULT CHARSET=utf8mb4 COLLATE=utf8mb4_unicode_ci;

/*Data for the table `cms_apicustom` */

insert  into `cms_apicustom`(`id`,`permalink`,`tabel`,`aksi`,`kolom`,`orderby`,`sub_query_1`,`sql_where`,`nama`,`keterangan`,`parameter`,`created_at`,`updated_at`,`method_type`,`parameters`,`responses`) values (1,'user_register','app_users','save_add',NULL,NULL,NULL,NULL,'User Register','<p>User App Registration</p>',NULL,NULL,NULL,'post','a:8:{i:0;a:5:{s:4:\"name\";s:10:\"first_name\";s:4:\"type\";s:12:\"alpha_spaces\";s:6:\"config\";N;s:8:\"required\";s:1:\"1\";s:4:\"used\";s:1:\"1\";}i:1;a:5:{s:4:\"name\";s:9:\"last_name\";s:4:\"type\";s:12:\"alpha_spaces\";s:6:\"config\";N;s:8:\"required\";s:1:\"0\";s:4:\"used\";s:1:\"1\";}i:2;a:5:{s:4:\"name\";s:5:\"email\";s:4:\"type\";s:6:\"unique\";s:6:\"config\";s:15:\"app_users,email\";s:8:\"required\";s:1:\"1\";s:4:\"used\";s:1:\"1\";}i:3;a:5:{s:4:\"name\";s:8:\"password\";s:4:\"type\";s:8:\"password\";s:6:\"config\";N;s:8:\"required\";s:1:\"1\";s:4:\"used\";s:1:\"1\";}i:4;a:5:{s:4:\"name\";s:5:\"photo\";s:4:\"type\";s:5:\"image\";s:6:\"config\";N;s:8:\"required\";s:1:\"0\";s:4:\"used\";s:1:\"1\";}i:5;a:5:{s:4:\"name\";s:12:\"device_token\";s:4:\"type\";s:6:\"string\";s:6:\"config\";N;s:8:\"required\";s:1:\"1\";s:4:\"used\";s:1:\"1\";}i:6;a:5:{s:4:\"name\";s:13:\"platform_type\";s:4:\"type\";s:2:\"in\";s:6:\"config\";s:21:\"custom,facebook,gmail\";s:8:\"required\";s:1:\"1\";s:4:\"used\";s:1:\"1\";}i:7;a:5:{s:4:\"name\";s:11:\"platform_id\";s:4:\"type\";s:6:\"string\";s:6:\"config\";N;s:8:\"required\";s:1:\"0\";s:4:\"used\";s:1:\"1\";}}','a:1:{i:0;a:4:{s:4:\"name\";s:2:\"id\";s:4:\"type\";s:3:\"int\";s:8:\"subquery\";N;s:4:\"used\";s:1:\"1\";}}'),(2,'user_login','app_users','detail',NULL,NULL,NULL,NULL,'User Login','<p>User Authentication API<br></p>',NULL,NULL,NULL,'post','a:3:{i:0;a:5:{s:4:\"name\";s:5:\"email\";s:4:\"type\";s:5:\"email\";s:6:\"config\";N;s:8:\"required\";s:1:\"1\";s:4:\"used\";s:1:\"1\";}i:1;a:5:{s:4:\"name\";s:8:\"password\";s:4:\"type\";s:8:\"password\";s:6:\"config\";N;s:8:\"required\";s:1:\"1\";s:4:\"used\";s:1:\"1\";}i:2;a:5:{s:4:\"name\";s:12:\"device_token\";s:4:\"type\";s:6:\"string\";s:6:\"config\";N;s:8:\"required\";s:1:\"1\";s:4:\"used\";s:1:\"1\";}}','a:0:{}'),(3,'user_login_social','app_users','detail',NULL,NULL,NULL,NULL,'User Login - Social','<p>Login with Social Platforms (Facebook, Google)<br></p>',NULL,NULL,NULL,'post','a:4:{i:0;a:5:{s:4:\"name\";s:12:\"device_token\";s:4:\"type\";s:6:\"string\";s:6:\"config\";N;s:8:\"required\";s:1:\"1\";s:4:\"used\";s:1:\"1\";}i:1;a:5:{s:4:\"name\";s:13:\"platform_type\";s:4:\"type\";s:6:\"string\";s:6:\"config\";N;s:8:\"required\";s:1:\"1\";s:4:\"used\";s:1:\"1\";}i:2;a:5:{s:4:\"name\";s:11:\"platform_id\";s:4:\"type\";s:6:\"string\";s:6:\"config\";N;s:8:\"required\";s:1:\"1\";s:4:\"used\";s:1:\"1\";}i:3;a:5:{s:4:\"name\";s:9:\"image_url\";s:4:\"type\";s:6:\"string\";s:6:\"config\";N;s:8:\"required\";s:1:\"0\";s:4:\"used\";s:1:\"0\";}}','a:0:{}'),(4,'user_profile_update','app_users','save_edit',NULL,NULL,NULL,NULL,'User Profile Update','<p>Application User: Update Profile<br></p>',NULL,NULL,NULL,'post','a:5:{i:0;a:5:{s:4:\"name\";s:2:\"id\";s:4:\"type\";s:6:\"string\";s:6:\"config\";N;s:8:\"required\";s:1:\"1\";s:4:\"used\";s:1:\"1\";}i:1;a:5:{s:4:\"name\";s:10:\"first_name\";s:4:\"type\";s:6:\"string\";s:6:\"config\";N;s:8:\"required\";s:1:\"0\";s:4:\"used\";s:1:\"1\";}i:2;a:5:{s:4:\"name\";s:9:\"last_name\";s:4:\"type\";s:6:\"string\";s:6:\"config\";N;s:8:\"required\";s:1:\"0\";s:4:\"used\";s:1:\"1\";}i:3;a:5:{s:4:\"name\";s:5:\"photo\";s:4:\"type\";s:5:\"image\";s:6:\"config\";N;s:8:\"required\";s:1:\"0\";s:4:\"used\";s:1:\"1\";}i:4;a:5:{s:4:\"name\";s:5:\"email\";s:4:\"type\";s:5:\"email\";s:6:\"config\";N;s:8:\"required\";s:1:\"0\";s:4:\"used\";s:1:\"1\";}}','a:1:{i:0;a:4:{s:4:\"name\";s:2:\"id\";s:4:\"type\";s:3:\"int\";s:8:\"subquery\";N;s:4:\"used\";s:1:\"1\";}}'),(5,'user_exists_check_third_party','app_users','detail',NULL,NULL,NULL,NULL,'User Exists Check Third Party','<p>Check Third Party User Exists<br></p>',NULL,NULL,NULL,'get','a:2:{i:0;a:5:{s:4:\"name\";s:12:\"device_token\";s:4:\"type\";s:6:\"string\";s:6:\"config\";N;s:8:\"required\";s:1:\"0\";s:4:\"used\";s:1:\"0\";}i:1;a:5:{s:4:\"name\";s:11:\"platform_id\";s:4:\"type\";s:6:\"string\";s:6:\"config\";N;s:8:\"required\";s:1:\"1\";s:4:\"used\";s:1:\"0\";}}','a:1:{i:0;a:4:{s:4:\"name\";s:2:\"id\";s:4:\"type\";s:3:\"int\";s:8:\"subquery\";N;s:4:\"used\";s:1:\"1\";}}'),(6,'user_delete','app_users','delete',NULL,NULL,NULL,NULL,'User Delete','<p>App User Delete</p>',NULL,NULL,NULL,'get','a:1:{i:0;a:5:{s:4:\"name\";s:2:\"id\";s:4:\"type\";s:6:\"string\";s:6:\"config\";N;s:8:\"required\";s:1:\"1\";s:4:\"used\";s:1:\"1\";}}','a:1:{i:0;a:4:{s:4:\"name\";s:2:\"id\";s:4:\"type\";s:3:\"int\";s:8:\"subquery\";N;s:4:\"used\";s:1:\"1\";}}'),(7,'user_get_profile_details','app_users','detail',NULL,NULL,NULL,NULL,'User Get Profile Details','<p>Get User Profile Details<br></p>',NULL,NULL,NULL,'get','a:1:{i:0;a:5:{s:4:\"name\";s:2:\"id\";s:4:\"type\";s:6:\"string\";s:6:\"config\";N;s:8:\"required\";s:1:\"1\";s:4:\"used\";s:1:\"1\";}}','a:0:{}'),(8,'get_page','content_pages','detail',NULL,NULL,NULL,NULL,'Get Page','<p>Get Dynamic Page by Slug<br></p>',NULL,NULL,NULL,'get','a:1:{i:0;a:5:{s:4:\"name\";s:4:\"slug\";s:4:\"type\";s:6:\"string\";s:6:\"config\";N;s:8:\"required\";s:1:\"1\";s:4:\"used\";s:1:\"1\";}}','a:0:{}'),(9,'user_logout','app_users','save_edit',NULL,NULL,NULL,NULL,'User Logout','<p>Application User Logout<br></p>',NULL,NULL,NULL,'post','a:0:{}','a:0:{}'),(10,'get_courses','courses','list',NULL,NULL,NULL,'is_active = 1','Get Courses','<p>Get All Active Courses</p>',NULL,NULL,NULL,'get','a:0:{}','a:4:{i:0;a:4:{s:4:\"name\";s:2:\"id\";s:4:\"type\";s:6:\"bigint\";s:8:\"subquery\";N;s:4:\"used\";s:1:\"1\";}i:1;a:4:{s:4:\"name\";s:5:\"title\";s:4:\"type\";s:6:\"string\";s:8:\"subquery\";N;s:4:\"used\";s:1:\"1\";}i:2;a:4:{s:4:\"name\";s:4:\"icon\";s:4:\"type\";s:5:\"image\";s:8:\"subquery\";N;s:4:\"used\";s:1:\"1\";}i:3;a:4:{s:4:\"name\";s:13:\"audio_allowed\";s:4:\"type\";s:7:\"tinyint\";s:8:\"subquery\";N;s:4:\"used\";s:1:\"1\";}}'),(11,'user_forgot_password','app_users','save_edit',NULL,NULL,NULL,NULL,'User Forgot Password','<p>Forgot Password Token Mail<br></p>',NULL,NULL,NULL,'post','a:1:{i:0;a:5:{s:4:\"name\";s:5:\"email\";s:4:\"type\";s:5:\"email\";s:6:\"config\";N;s:8:\"required\";s:1:\"1\";s:4:\"used\";s:1:\"1\";}}','a:1:{i:0;a:4:{s:4:\"name\";s:2:\"id\";s:4:\"type\";s:3:\"int\";s:8:\"subquery\";N;s:4:\"used\";s:1:\"1\";}}'),(12,'user_reset_password','app_users','save_edit',NULL,NULL,NULL,NULL,'User Reset Password','<p>Reset Password After Forgot Password<br></p>',NULL,NULL,NULL,'post','a:3:{i:0;a:5:{s:4:\"name\";s:4:\"code\";s:4:\"type\";s:6:\"string\";s:6:\"config\";N;s:8:\"required\";s:1:\"1\";s:4:\"used\";s:1:\"1\";}i:1;a:5:{s:4:\"name\";s:8:\"password\";s:4:\"type\";s:8:\"password\";s:6:\"config\";N;s:8:\"required\";s:1:\"1\";s:4:\"used\";s:1:\"1\";}i:2;a:5:{s:4:\"name\";s:6:\"resend\";s:4:\"type\";s:7:\"boolean\";s:6:\"config\";N;s:8:\"required\";s:1:\"1\";s:4:\"used\";s:1:\"1\";}}','a:1:{i:0;a:4:{s:4:\"name\";s:2:\"id\";s:4:\"type\";s:3:\"int\";s:8:\"subquery\";N;s:4:\"used\";s:1:\"1\";}}'),(13,'user_change_password','app_users','save_edit',NULL,NULL,NULL,NULL,'User Change Password','<p>Change App User Password<br></p>',NULL,NULL,NULL,'post','a:2:{i:0;a:5:{s:4:\"name\";s:8:\"password\";s:4:\"type\";s:8:\"password\";s:6:\"config\";N;s:8:\"required\";s:1:\"1\";s:4:\"used\";s:1:\"1\";}i:1;a:5:{s:4:\"name\";s:12:\"old_password\";s:4:\"type\";s:8:\"password\";s:6:\"config\";N;s:8:\"required\";s:1:\"1\";s:4:\"used\";s:1:\"1\";}}','a:1:{i:0;a:4:{s:4:\"name\";s:2:\"id\";s:4:\"type\";s:3:\"int\";s:8:\"subquery\";N;s:4:\"used\";s:1:\"1\";}}'),(14,'get_lessons','lessons','list',NULL,NULL,NULL,NULL,'Get Lesson','<p>Get All Lessons of Specific Course.</p>',NULL,NULL,NULL,'get','a:1:{i:0;a:5:{s:4:\"name\";s:8:\"topic_id\";s:4:\"type\";s:6:\"exists\";s:6:\"config\";s:9:\"topics,id\";s:8:\"required\";s:1:\"1\";s:4:\"used\";s:1:\"1\";}}','a:0:{}'),(16,'lesson_reviews','reviews','save_add',NULL,NULL,NULL,NULL,'Lesson Reviews','<p>-- Lesson Reviews</p>',NULL,NULL,NULL,'post','a:3:{i:0;a:5:{s:4:\"name\";s:9:\"lesson_id\";s:4:\"type\";s:6:\"exists\";s:6:\"config\";s:10:\"lessons,id\";s:8:\"required\";s:1:\"1\";s:4:\"used\";s:1:\"1\";}i:1;a:5:{s:4:\"name\";s:6:\"rating\";s:4:\"type\";s:14:\"digits_between\";s:6:\"config\";s:3:\"1,5\";s:8:\"required\";s:1:\"1\";s:4:\"used\";s:1:\"1\";}i:2;a:5:{s:4:\"name\";s:6:\"review\";s:4:\"type\";s:6:\"string\";s:6:\"config\";N;s:8:\"required\";s:1:\"0\";s:4:\"used\";s:1:\"1\";}}','a:0:{}'),(17,'quiz_list','quizzes','list',NULL,NULL,NULL,NULL,'Quiz List','<p>-- Quiz questions</p>',NULL,NULL,NULL,'get','a:1:{i:0;a:5:{s:4:\"name\";s:8:\"topic_id\";s:4:\"type\";s:6:\"exists\";s:6:\"config\";s:9:\"topics,id\";s:8:\"required\";s:1:\"1\";s:4:\"used\";s:1:\"1\";}}','a:0:{}'),(19,'quiz_result','quiz_result','save_add',NULL,NULL,NULL,NULL,'Quiz Result','<p>-- Quiz Results</p>',NULL,NULL,NULL,'post','a:3:{i:0;a:5:{s:4:\"name\";s:4:\"quiz\";s:4:\"type\";s:6:\"string\";s:6:\"config\";N;s:8:\"required\";s:1:\"0\";s:4:\"used\";s:1:\"1\";}i:1;a:5:{s:4:\"name\";s:8:\"topic_id\";s:4:\"type\";s:6:\"exists\";s:6:\"config\";s:9:\"topics,id\";s:8:\"required\";s:1:\"1\";s:4:\"used\";s:1:\"1\";}i:2;a:5:{s:4:\"name\";s:9:\"course_id\";s:4:\"type\";s:6:\"exists\";s:6:\"config\";s:10:\"courses,id\";s:8:\"required\";s:1:\"1\";s:4:\"used\";s:1:\"1\";}}','a:0:{}'),(21,'get_quiz_results','quiz_result','list',NULL,NULL,NULL,NULL,'Get Quiz Results','<p>-- Get Quiz Results</p>',NULL,NULL,NULL,'get','a:1:{i:0;a:5:{s:4:\"name\";s:2:\"id\";s:4:\"type\";s:6:\"exists\";s:6:\"config\";s:14:\"quiz_result,id\";s:8:\"required\";s:1:\"1\";s:4:\"used\";s:1:\"1\";}}','a:9:{i:0;a:4:{s:4:\"name\";s:2:\"id\";s:4:\"type\";s:3:\"int\";s:8:\"subquery\";N;s:4:\"used\";s:1:\"1\";}i:1;a:4:{s:4:\"name\";s:15:\"total_questions\";s:4:\"type\";s:3:\"int\";s:8:\"subquery\";N;s:4:\"used\";s:1:\"1\";}i:2;a:4:{s:4:\"name\";s:9:\"attempted\";s:4:\"type\";s:3:\"int\";s:8:\"subquery\";N;s:4:\"used\";s:1:\"1\";}i:3;a:4:{s:4:\"name\";s:7:\"correct\";s:4:\"type\";s:3:\"int\";s:8:\"subquery\";N;s:4:\"used\";s:1:\"1\";}i:4;a:4:{s:4:\"name\";s:5:\"wrong\";s:4:\"type\";s:3:\"int\";s:8:\"subquery\";N;s:4:\"used\";s:1:\"1\";}i:5;a:4:{s:4:\"name\";s:5:\"score\";s:4:\"type\";s:3:\"int\";s:8:\"subquery\";N;s:4:\"used\";s:1:\"1\";}i:6;a:4:{s:4:\"name\";s:9:\"lesson_id\";s:4:\"type\";s:7:\"integer\";s:8:\"subquery\";N;s:4:\"used\";s:1:\"1\";}i:7;a:4:{s:4:\"name\";s:7:\"user_id\";s:4:\"type\";s:7:\"integer\";s:8:\"subquery\";N;s:4:\"used\";s:1:\"1\";}i:8;a:4:{s:4:\"name\";s:6:\"status\";s:4:\"type\";s:6:\"string\";s:8:\"subquery\";N;s:4:\"used\";s:1:\"1\";}}'),(22,'contact_us','contact_us','save_add',NULL,NULL,NULL,NULL,'Contact Us','<p>-- Contact Us</p>',NULL,NULL,NULL,'post','a:3:{i:0;a:5:{s:4:\"name\";s:4:\"name\";s:4:\"type\";s:6:\"string\";s:6:\"config\";N;s:8:\"required\";s:1:\"1\";s:4:\"used\";s:1:\"1\";}i:1;a:5:{s:4:\"name\";s:5:\"email\";s:4:\"type\";s:5:\"email\";s:6:\"config\";N;s:8:\"required\";s:1:\"1\";s:4:\"used\";s:1:\"1\";}i:2;a:5:{s:4:\"name\";s:7:\"message\";s:4:\"type\";s:6:\"string\";s:6:\"config\";N;s:8:\"required\";s:1:\"1\";s:4:\"used\";s:1:\"1\";}}','a:4:{i:0;a:4:{s:4:\"name\";s:2:\"id\";s:4:\"type\";s:3:\"int\";s:8:\"subquery\";N;s:4:\"used\";s:1:\"1\";}i:1;a:4:{s:4:\"name\";s:4:\"name\";s:4:\"type\";s:6:\"string\";s:8:\"subquery\";N;s:4:\"used\";s:1:\"1\";}i:2;a:4:{s:4:\"name\";s:5:\"email\";s:4:\"type\";s:5:\"email\";s:8:\"subquery\";N;s:4:\"used\";s:1:\"1\";}i:3;a:4:{s:4:\"name\";s:7:\"message\";s:4:\"type\";s:6:\"string\";s:8:\"subquery\";N;s:4:\"used\";s:1:\"1\";}}'),(27,'mock_quiz_list','mock_quizzes','list',NULL,NULL,NULL,NULL,'Mock Quiz List','<p>-- Mock Quiz listing</p>',NULL,NULL,NULL,'get','a:3:{i:0;a:5:{s:4:\"name\";s:2:\"id\";s:4:\"type\";s:6:\"string\";s:6:\"config\";N;s:8:\"required\";s:1:\"0\";s:4:\"used\";s:1:\"0\";}i:1;a:5:{s:4:\"name\";s:8:\"question\";s:4:\"type\";s:6:\"string\";s:6:\"config\";N;s:8:\"required\";s:1:\"0\";s:4:\"used\";s:1:\"0\";}i:2;a:5:{s:4:\"name\";s:9:\"is_active\";s:4:\"type\";s:6:\"string\";s:6:\"config\";N;s:8:\"required\";s:1:\"0\";s:4:\"used\";s:1:\"0\";}}','a:3:{i:0;a:4:{s:4:\"name\";s:2:\"id\";s:4:\"type\";s:3:\"int\";s:8:\"subquery\";N;s:4:\"used\";s:1:\"1\";}i:1;a:4:{s:4:\"name\";s:8:\"question\";s:4:\"type\";s:6:\"string\";s:8:\"subquery\";N;s:4:\"used\";s:1:\"1\";}i:2;a:4:{s:4:\"name\";s:9:\"is_active\";s:4:\"type\";s:7:\"tinyint\";s:8:\"subquery\";N;s:4:\"used\";s:1:\"1\";}}'),(28,'mock_quiz_result','mock_quiz_result','save_add',NULL,NULL,NULL,NULL,'Mock Quiz Result','<p>-- Mock Results Submit</p>',NULL,NULL,NULL,'post','a:1:{i:0;a:5:{s:4:\"name\";s:4:\"quiz\";s:4:\"type\";s:6:\"string\";s:6:\"config\";N;s:8:\"required\";s:1:\"0\";s:4:\"used\";s:1:\"1\";}}','a:8:{i:0;a:4:{s:4:\"name\";s:2:\"id\";s:4:\"type\";s:3:\"int\";s:8:\"subquery\";N;s:4:\"used\";s:1:\"1\";}i:1;a:4:{s:4:\"name\";s:15:\"total_questions\";s:4:\"type\";s:3:\"int\";s:8:\"subquery\";N;s:4:\"used\";s:1:\"1\";}i:2;a:4:{s:4:\"name\";s:9:\"attempted\";s:4:\"type\";s:3:\"int\";s:8:\"subquery\";N;s:4:\"used\";s:1:\"1\";}i:3;a:4:{s:4:\"name\";s:7:\"correct\";s:4:\"type\";s:3:\"int\";s:8:\"subquery\";N;s:4:\"used\";s:1:\"1\";}i:4;a:4:{s:4:\"name\";s:5:\"wrong\";s:4:\"type\";s:3:\"int\";s:8:\"subquery\";N;s:4:\"used\";s:1:\"1\";}i:5;a:4:{s:4:\"name\";s:5:\"score\";s:4:\"type\";s:6:\"string\";s:8:\"subquery\";N;s:4:\"used\";s:1:\"1\";}i:6;a:4:{s:4:\"name\";s:7:\"user_id\";s:4:\"type\";s:7:\"integer\";s:8:\"subquery\";N;s:4:\"used\";s:1:\"1\";}i:7;a:4:{s:4:\"name\";s:6:\"status\";s:4:\"type\";s:6:\"string\";s:8:\"subquery\";N;s:4:\"used\";s:1:\"1\";}}'),(29,'quiz_overall_result','quiz_result','list',NULL,NULL,NULL,NULL,'Quiz Overall Result','<p>-- Quiz Overall Result</p>',NULL,NULL,NULL,'get','a:9:{i:0;a:5:{s:4:\"name\";s:2:\"id\";s:4:\"type\";s:6:\"string\";s:6:\"config\";N;s:8:\"required\";s:1:\"0\";s:4:\"used\";s:1:\"0\";}i:1;a:5:{s:4:\"name\";s:15:\"total_questions\";s:4:\"type\";s:6:\"string\";s:6:\"config\";N;s:8:\"required\";s:1:\"0\";s:4:\"used\";s:1:\"0\";}i:2;a:5:{s:4:\"name\";s:9:\"attempted\";s:4:\"type\";s:6:\"string\";s:6:\"config\";N;s:8:\"required\";s:1:\"0\";s:4:\"used\";s:1:\"0\";}i:3;a:5:{s:4:\"name\";s:7:\"correct\";s:4:\"type\";s:6:\"string\";s:6:\"config\";N;s:8:\"required\";s:1:\"0\";s:4:\"used\";s:1:\"0\";}i:4;a:5:{s:4:\"name\";s:5:\"wrong\";s:4:\"type\";s:6:\"string\";s:6:\"config\";N;s:8:\"required\";s:1:\"0\";s:4:\"used\";s:1:\"0\";}i:5;a:5:{s:4:\"name\";s:5:\"score\";s:4:\"type\";s:6:\"string\";s:6:\"config\";N;s:8:\"required\";s:1:\"0\";s:4:\"used\";s:1:\"0\";}i:6;a:5:{s:4:\"name\";s:9:\"lesson_id\";s:4:\"type\";s:7:\"integer\";s:6:\"config\";N;s:8:\"required\";s:1:\"0\";s:4:\"used\";s:1:\"0\";}i:7;a:5:{s:4:\"name\";s:7:\"user_id\";s:4:\"type\";s:6:\"exists\";s:6:\"config\";s:12:\"app_users,id\";s:8:\"required\";s:1:\"1\";s:4:\"used\";s:1:\"1\";}i:8;a:5:{s:4:\"name\";s:6:\"status\";s:4:\"type\";s:6:\"string\";s:6:\"config\";N;s:8:\"required\";s:1:\"0\";s:4:\"used\";s:1:\"0\";}}','a:9:{i:0;a:4:{s:4:\"name\";s:2:\"id\";s:4:\"type\";s:3:\"int\";s:8:\"subquery\";N;s:4:\"used\";s:1:\"1\";}i:1;a:4:{s:4:\"name\";s:15:\"total_questions\";s:4:\"type\";s:3:\"int\";s:8:\"subquery\";N;s:4:\"used\";s:1:\"1\";}i:2;a:4:{s:4:\"name\";s:9:\"attempted\";s:4:\"type\";s:3:\"int\";s:8:\"subquery\";N;s:4:\"used\";s:1:\"1\";}i:3;a:4:{s:4:\"name\";s:7:\"correct\";s:4:\"type\";s:3:\"int\";s:8:\"subquery\";N;s:4:\"used\";s:1:\"1\";}i:4;a:4:{s:4:\"name\";s:5:\"wrong\";s:4:\"type\";s:3:\"int\";s:8:\"subquery\";N;s:4:\"used\";s:1:\"1\";}i:5;a:4:{s:4:\"name\";s:5:\"score\";s:4:\"type\";s:3:\"int\";s:8:\"subquery\";N;s:4:\"used\";s:1:\"1\";}i:6;a:4:{s:4:\"name\";s:9:\"lesson_id\";s:4:\"type\";s:7:\"integer\";s:8:\"subquery\";N;s:4:\"used\";s:1:\"1\";}i:7;a:4:{s:4:\"name\";s:7:\"user_id\";s:4:\"type\";s:7:\"integer\";s:8:\"subquery\";N;s:4:\"used\";s:1:\"1\";}i:8;a:4:{s:4:\"name\";s:6:\"status\";s:4:\"type\";s:6:\"string\";s:8:\"subquery\";N;s:4:\"used\";s:1:\"1\";}}'),(30,'mock_quiz_overall_result','mock_quiz_result','list',NULL,NULL,NULL,NULL,'Mock Quiz Overall Result','<p>-- Mock Quiz results overall</p>',NULL,NULL,NULL,'get','a:1:{i:0;a:5:{s:4:\"name\";s:7:\"user_id\";s:4:\"type\";s:6:\"exists\";s:6:\"config\";s:12:\"app_users,id\";s:8:\"required\";s:1:\"1\";s:4:\"used\";s:1:\"1\";}}','a:8:{i:0;a:4:{s:4:\"name\";s:2:\"id\";s:4:\"type\";s:3:\"int\";s:8:\"subquery\";N;s:4:\"used\";s:1:\"1\";}i:1;a:4:{s:4:\"name\";s:15:\"total_questions\";s:4:\"type\";s:3:\"int\";s:8:\"subquery\";N;s:4:\"used\";s:1:\"1\";}i:2;a:4:{s:4:\"name\";s:9:\"attempted\";s:4:\"type\";s:3:\"int\";s:8:\"subquery\";N;s:4:\"used\";s:1:\"1\";}i:3;a:4:{s:4:\"name\";s:7:\"correct\";s:4:\"type\";s:3:\"int\";s:8:\"subquery\";N;s:4:\"used\";s:1:\"1\";}i:4;a:4:{s:4:\"name\";s:5:\"wrong\";s:4:\"type\";s:3:\"int\";s:8:\"subquery\";N;s:4:\"used\";s:1:\"1\";}i:5;a:4:{s:4:\"name\";s:5:\"score\";s:4:\"type\";s:6:\"string\";s:8:\"subquery\";N;s:4:\"used\";s:1:\"1\";}i:6;a:4:{s:4:\"name\";s:7:\"user_id\";s:4:\"type\";s:7:\"integer\";s:8:\"subquery\";N;s:4:\"used\";s:1:\"1\";}i:7;a:4:{s:4:\"name\";s:6:\"status\";s:4:\"type\";s:6:\"string\";s:8:\"subquery\";N;s:4:\"used\";s:1:\"1\";}}'),(31,'notification_setting','cms_settings','save_edit',NULL,NULL,NULL,NULL,'Notification Setting','<p>-- Notification Settings</p>',NULL,NULL,NULL,'post','a:0:{}','a:8:{i:0;a:4:{s:4:\"name\";s:2:\"id\";s:4:\"type\";s:3:\"int\";s:8:\"subquery\";N;s:4:\"used\";s:1:\"1\";}i:1;a:4:{s:4:\"name\";s:4:\"name\";s:4:\"type\";s:6:\"string\";s:8:\"subquery\";N;s:4:\"used\";s:1:\"1\";}i:2;a:4:{s:4:\"name\";s:7:\"content\";s:4:\"type\";s:6:\"string\";s:8:\"subquery\";N;s:4:\"used\";s:1:\"1\";}i:3;a:4:{s:4:\"name\";s:18:\"content_input_type\";s:4:\"type\";s:6:\"string\";s:8:\"subquery\";N;s:4:\"used\";s:1:\"1\";}i:4;a:4:{s:4:\"name\";s:8:\"dataenum\";s:4:\"type\";s:6:\"string\";s:8:\"subquery\";N;s:4:\"used\";s:1:\"1\";}i:5;a:4:{s:4:\"name\";s:6:\"helper\";s:4:\"type\";s:6:\"string\";s:8:\"subquery\";N;s:4:\"used\";s:1:\"1\";}i:6;a:4:{s:4:\"name\";s:13:\"group_setting\";s:4:\"type\";s:6:\"string\";s:8:\"subquery\";N;s:4:\"used\";s:1:\"1\";}i:7;a:4:{s:4:\"name\";s:5:\"label\";s:4:\"type\";s:6:\"string\";s:8:\"subquery\";N;s:4:\"used\";s:1:\"1\";}}'),(32,'mock_test_timer','cms_settings','list',NULL,NULL,NULL,NULL,'Mock Test Timer','<p>-- Mock Test Timer</p>',NULL,NULL,NULL,'get','a:0:{}','a:0:{}'),(33,'mocksummary','mock_summary','detail',NULL,NULL,NULL,NULL,'MockSummary',NULL,NULL,NULL,NULL,'get','a:0:{}','a:4:{i:0;a:4:{s:4:\"name\";s:2:\"id\";s:4:\"type\";s:3:\"int\";s:8:\"subquery\";N;s:4:\"used\";s:1:\"1\";}i:1;a:4:{s:4:\"name\";s:5:\"title\";s:4:\"type\";s:6:\"string\";s:8:\"subquery\";N;s:4:\"used\";s:1:\"1\";}i:2;a:4:{s:4:\"name\";s:11:\"description\";s:4:\"type\";s:6:\"string\";s:8:\"subquery\";N;s:4:\"used\";s:1:\"1\";}i:3;a:4:{s:4:\"name\";s:9:\"is_active\";s:4:\"type\";s:7:\"tinyint\";s:8:\"subquery\";N;s:4:\"used\";s:1:\"1\";}}'),(34,'get_topics','topics','list',NULL,NULL,NULL,NULL,'Get Topics',NULL,NULL,NULL,NULL,'get','a:1:{i:0;a:5:{s:4:\"name\";s:9:\"course_id\";s:4:\"type\";s:7:\"integer\";s:6:\"config\";N;s:8:\"required\";s:1:\"1\";s:4:\"used\";s:1:\"1\";}}','a:0:{}'),(35,'lesson_quiz_result','lesson_quiz_result','save_add',NULL,NULL,NULL,NULL,'Lesson Quiz Result',NULL,NULL,NULL,NULL,'post','a:3:{i:0;a:5:{s:4:\"name\";s:8:\"topic_id\";s:4:\"type\";s:6:\"exists\";s:6:\"config\";s:9:\"topics,id\";s:8:\"required\";s:1:\"1\";s:4:\"used\";s:1:\"1\";}i:1;a:5:{s:4:\"name\";s:9:\"lesson_id\";s:4:\"type\";s:6:\"exists\";s:6:\"config\";s:10:\"lessons,id\";s:8:\"required\";s:1:\"1\";s:4:\"used\";s:1:\"1\";}i:2;a:5:{s:4:\"name\";s:9:\"is_passed\";s:4:\"type\";s:7:\"integer\";s:6:\"config\";N;s:8:\"required\";s:1:\"1\";s:4:\"used\";s:1:\"1\";}}','a:0:{}'),(36,'quiz_graph','quiz_result','list',NULL,NULL,NULL,NULL,'Quiz Graph',NULL,NULL,NULL,NULL,'get','a:0:{}','a:0:{}'),(37,'leaderboard','app_users','list',NULL,NULL,NULL,'is_active = 1 AND avg_mock_score > 0','Leaderboard',NULL,NULL,NULL,NULL,'get','a:0:{}','a:0:{}'),(39,'vocabulary_list','vocabulary_words','list',NULL,NULL,NULL,NULL,'Vocabulary List',NULL,NULL,NULL,NULL,'get','a:0:{}','a:0:{}'),(40,'read_word','read_words','save_add',NULL,NULL,NULL,NULL,'Read Word',NULL,NULL,NULL,NULL,'post','a:1:{i:0;a:5:{s:4:\"name\";s:7:\"word_id\";s:4:\"type\";s:6:\"exists\";s:6:\"config\";s:19:\"vocabulary_words,id\";s:8:\"required\";s:1:\"1\";s:4:\"used\";s:1:\"1\";}}','a:0:{}');

/*Table structure for table `cms_apikey` */

DROP TABLE IF EXISTS `cms_apikey`;

CREATE TABLE `cms_apikey` (
  `id` int(10) unsigned NOT NULL AUTO_INCREMENT,
  `screetkey` varchar(255) COLLATE utf8mb4_unicode_ci DEFAULT NULL,
  `hit` int(11) DEFAULT NULL,
  `status` varchar(25) COLLATE utf8mb4_unicode_ci NOT NULL DEFAULT 'active',
  `created_at` timestamp NULL DEFAULT NULL,
  `updated_at` timestamp NULL DEFAULT NULL,
  PRIMARY KEY (`id`)
) ENGINE=InnoDB DEFAULT CHARSET=utf8mb4 COLLATE=utf8mb4_unicode_ci;

/*Data for the table `cms_apikey` */

/*Table structure for table `cms_dashboard` */

DROP TABLE IF EXISTS `cms_dashboard`;

CREATE TABLE `cms_dashboard` (
  `id` int(10) unsigned NOT NULL AUTO_INCREMENT,
  `name` varchar(255) COLLATE utf8mb4_unicode_ci DEFAULT NULL,
  `id_cms_privileges` int(11) DEFAULT NULL,
  `content` longtext COLLATE utf8mb4_unicode_ci,
  `created_at` timestamp NULL DEFAULT NULL,
  `updated_at` timestamp NULL DEFAULT NULL,
  PRIMARY KEY (`id`)
) ENGINE=InnoDB DEFAULT CHARSET=utf8mb4 COLLATE=utf8mb4_unicode_ci;

/*Data for the table `cms_dashboard` */

/*Table structure for table `cms_email_queues` */

DROP TABLE IF EXISTS `cms_email_queues`;

CREATE TABLE `cms_email_queues` (
  `id` int(10) unsigned NOT NULL AUTO_INCREMENT,
  `send_at` datetime DEFAULT NULL,
  `email_recipient` varchar(255) COLLATE utf8mb4_unicode_ci DEFAULT NULL,
  `email_from_email` varchar(255) COLLATE utf8mb4_unicode_ci DEFAULT NULL,
  `email_from_name` varchar(255) COLLATE utf8mb4_unicode_ci DEFAULT NULL,
  `email_cc_email` varchar(255) COLLATE utf8mb4_unicode_ci DEFAULT NULL,
  `email_subject` varchar(255) COLLATE utf8mb4_unicode_ci DEFAULT NULL,
  `email_content` text COLLATE utf8mb4_unicode_ci,
  `email_attachments` text COLLATE utf8mb4_unicode_ci,
  `is_sent` tinyint(1) DEFAULT NULL,
  `created_at` timestamp NULL DEFAULT NULL,
  `updated_at` timestamp NULL DEFAULT NULL,
  PRIMARY KEY (`id`)
) ENGINE=InnoDB DEFAULT CHARSET=utf8mb4 COLLATE=utf8mb4_unicode_ci;

/*Data for the table `cms_email_queues` */

/*Table structure for table `cms_email_templates` */

DROP TABLE IF EXISTS `cms_email_templates`;

CREATE TABLE `cms_email_templates` (
  `id` int(10) unsigned NOT NULL AUTO_INCREMENT,
  `name` varchar(255) COLLATE utf8mb4_unicode_ci DEFAULT NULL,
  `slug` varchar(255) COLLATE utf8mb4_unicode_ci DEFAULT NULL,
  `subject` varchar(255) COLLATE utf8mb4_unicode_ci DEFAULT NULL,
  `content` longtext COLLATE utf8mb4_unicode_ci,
  `description` varchar(255) COLLATE utf8mb4_unicode_ci DEFAULT NULL,
  `from_name` varchar(255) COLLATE utf8mb4_unicode_ci DEFAULT NULL,
  `from_email` varchar(255) COLLATE utf8mb4_unicode_ci DEFAULT NULL,
  `cc_email` varchar(255) COLLATE utf8mb4_unicode_ci DEFAULT NULL,
  `created_at` timestamp NULL DEFAULT NULL,
  `updated_at` timestamp NULL DEFAULT NULL,
  PRIMARY KEY (`id`)
) ENGINE=InnoDB AUTO_INCREMENT=5 DEFAULT CHARSET=utf8mb4 COLLATE=utf8mb4_unicode_ci;

/*Data for the table `cms_email_templates` */

insert  into `cms_email_templates`(`id`,`name`,`slug`,`subject`,`content`,`description`,`from_name`,`from_email`,`cc_email`,`created_at`,`updated_at`) values (1,'Email Template Forgot Password Backend','forgot_password_backend',NULL,'<p>Hi,</p><p>Someone requested forgot password, here is your new password : </p><p>[password]</p><p><br></p><p>--</p><p>Regards,</p><p>Admin</p>','[password]','System','system@crudbooster.com',NULL,'2019-10-11 11:12:23',NULL),(2,'User Registration','user_registration','Welcome to Step App','<p style=\"color: rgb(51, 51, 51);\">Dear [USER_NAME]</p><p style=\"color: rgb(51, 51, 51);\"><br>Welcome to the [APP_NAME].&nbsp; Your [APP_NAME] Account has been created. Please <a href=\"[DOWNLOAD_APP_URL]\">download</a> the application.</p><p style=\"color: rgb(51, 51, 51);\"><br>Please login to the application and learn new things. Stay in touch!<br><br></p><p style=\"color: rgb(51, 51, 51);\">Regards,</p><p style=\"color: rgb(51, 51, 51);\">Team [APP_NAME].</p>','User Registration','Step App Support','support@stepapp.com',NULL,'2019-10-15 10:53:29','2019-11-14 08:13:28'),(3,'Forgot Password App User','forgot_password_app','Password Reset Request','<p>Hi,</p><p>You have requested a password reset, Please click <a href=\"[reset_link]\">here</a> to reset your password.<br></p><p><br></p><p>--</p><p>Regards,</p><p>Step App Support.</p>','[reset_token]','Step App Support','support@stepapp.com',NULL,'2019-10-15 13:57:07','2019-11-14 09:03:05'),(4,'Contact Us','contact_us','Thank you for contacting us','<p>Dear User,</p><p>Thank you for contacting us.</p><p>We appreciate your time.</p><p><br></p><p><br></p><p>Regards,</p><p>Step-App</p>','When a user contacts','StepApp','stepapp@cubix.co','stepapp@cubix.co','2019-10-21 08:13:08',NULL);

/*Table structure for table `cms_logs` */

DROP TABLE IF EXISTS `cms_logs`;

CREATE TABLE `cms_logs` (
  `id` int(10) unsigned NOT NULL AUTO_INCREMENT,
  `ipaddress` varchar(50) COLLATE utf8mb4_unicode_ci DEFAULT NULL,
  `useragent` varchar(255) COLLATE utf8mb4_unicode_ci DEFAULT NULL,
  `url` varchar(255) COLLATE utf8mb4_unicode_ci DEFAULT NULL,
  `description` varchar(255) COLLATE utf8mb4_unicode_ci DEFAULT NULL,
  `details` text COLLATE utf8mb4_unicode_ci,
  `id_cms_users` int(11) DEFAULT NULL,
  `created_at` timestamp NULL DEFAULT NULL,
  `updated_at` timestamp NULL DEFAULT NULL,
  PRIMARY KEY (`id`)
) ENGINE=InnoDB AUTO_INCREMENT=322 DEFAULT CHARSET=utf8mb4 COLLATE=utf8mb4_unicode_ci;

/*Data for the table `cms_logs` */

insert  into `cms_logs`(`id`,`ipaddress`,`useragent`,`url`,`description`,`details`,`id_cms_users`,`created_at`,`updated_at`) values (1,'::1','Mozilla/5.0 (X11; Linux x86_64) AppleWebKit/537.36 (KHTML, like Gecko) Chrome/77.0.3865.90 Safari/537.36','http://localhost/stepapp/public/admin/login','admin@crudbooster.com login with IP Address ::1','',1,'2019-10-11 11:13:32',NULL),(2,'::1','Mozilla/5.0 (X11; Linux x86_64) AppleWebKit/537.36 (KHTML, like Gecko) Chrome/77.0.3865.90 Safari/537.36','http://localhost/stepapp/public/admin/menu_management/add-save','Add New Data Users Management at Menu Management','',1,'2019-10-11 11:15:37',NULL),(3,'::1','Mozilla/5.0 (X11; Linux x86_64) AppleWebKit/537.36 (KHTML, like Gecko) Chrome/77.0.3865.90 Safari/537.36','http://localhost/stepapp/public/admin/menu_management/add-save','Add New Data Roles Management at Menu Management','',1,'2019-10-11 11:17:36',NULL),(4,'::1','Mozilla/5.0 (X11; Linux x86_64) AppleWebKit/537.36 (KHTML, like Gecko) Chrome/77.0.3865.90 Safari/537.36','http://localhost/stepapp/public/admin/menu_management/add-save','Add New Data Role Permissions at Menu Management','',1,'2019-10-11 11:22:03',NULL),(5,'::1','Mozilla/5.0 (X11; Linux x86_64) AppleWebKit/537.36 (KHTML, like Gecko) Chrome/77.0.3865.90 Safari/537.36','http://localhost/stepapp/public/admin/menu_management/edit-save/3','Update data Role Permissions at Menu Management','<table class=\"table table-striped\"><thead><tr><th>Key</th><th>Old Value</th><th>New Value</th></thead><tbody><tr><td>parent_id</td><td>2</td><td></td></tr></tbody></table>',1,'2019-10-11 11:22:24',NULL),(6,'::1','Mozilla/5.0 (X11; Linux x86_64) AppleWebKit/537.36 (KHTML, like Gecko) Chrome/77.0.3865.90 Safari/537.36','http://localhost/stepapp/public/admin/menu_management/edit-save/2','Update data Roles Management at Menu Management','<table class=\"table table-striped\"><thead><tr><th>Key</th><th>Old Value</th><th>New Value</th></thead><tbody><tr><td>sorting</td><td>2</td><td></td></tr></tbody></table>',1,'2019-10-11 11:22:32',NULL),(7,'::1','Mozilla/5.0 (X11; Linux x86_64) AppleWebKit/537.36 (KHTML, like Gecko) Chrome/77.0.3865.90 Safari/537.36','http://localhost/stepapp/public/admin/menu_management/edit-save/1','Update data Users Management at Menu Management','<table class=\"table table-striped\"><thead><tr><th>Key</th><th>Old Value</th><th>New Value</th></thead><tbody></tbody></table>',1,'2019-10-11 11:22:38',NULL),(8,'::1','Mozilla/5.0 (X11; Linux x86_64) AppleWebKit/537.36 (KHTML, like Gecko) Chrome/77.0.3865.90 Safari/537.36','http://localhost/stepapp/public/admin/menu_management/delete/3','Delete data Role Permissions at Menu Management','',1,'2019-10-11 11:24:09',NULL),(9,'::1','Mozilla/5.0 (X11; Linux x86_64) AppleWebKit/537.36 (KHTML, like Gecko) Chrome/77.0.3865.90 Safari/537.36','http://localhost/stepapp/public/admin/courses/add-save','Add New Data Listening at Courses','',1,'2019-10-11 12:21:45',NULL),(10,'::1','Mozilla/5.0 (X11; Linux x86_64) AppleWebKit/537.36 (KHTML, like Gecko) Chrome/77.0.3865.90 Safari/537.36','http://localhost/stepapp/public/admin/courses/add-save','Add New Data Vocabulary at Courses','',1,'2019-10-11 12:22:05',NULL),(11,'::1','Mozilla/5.0 (X11; Linux x86_64) AppleWebKit/537.36 (KHTML, like Gecko) Chrome/77.0.3865.90 Safari/537.36','http://localhost/stepapp/public/admin/courses/add-save','Add New Data Writing at Courses','',1,'2019-10-11 12:22:18',NULL),(12,'::1','Mozilla/5.0 (X11; Linux x86_64) AppleWebKit/537.36 (KHTML, like Gecko) Chrome/77.0.3865.90 Safari/537.36','http://localhost/stepapp/public/admin/courses/add-save','Add New Data Reading at Courses','',1,'2019-10-11 12:22:41',NULL),(13,'::1','Mozilla/5.0 (X11; Linux x86_64) AppleWebKit/537.36 (KHTML, like Gecko) Chrome/77.0.3865.90 Safari/537.36','http://localhost/stepapp/public/admin/courses/add-save','Add New Data Grammar at Courses','',1,'2019-10-11 12:22:47',NULL),(14,'::1','Mozilla/5.0 (X11; Linux x86_64) AppleWebKit/537.36 (KHTML, like Gecko) Chrome/77.0.3865.90 Safari/537.36','http://localhost/stepapp/public/admin/courses/edit-save/1','Update data Listening at Courses','<table class=\"table table-striped\"><thead><tr><th>Key</th><th>Old Value</th><th>New Value</th></thead><tbody><tr><td>deleted_at</td><td></td><td></td></tr><tr><td>audio_allowed</td><td>0</td><td>1</td></tr></tbody></table>',1,'2019-10-11 12:46:06',NULL),(15,'::1','Mozilla/5.0 (X11; Linux x86_64) AppleWebKit/537.36 (KHTML, like Gecko) Chrome/77.0.3865.90 Safari/537.36','http://localhost/stepapp/public/admin/courses/detail/5','Try view the data Grammar at Courses','',1,'2019-10-11 12:47:29',NULL),(16,'::1','Mozilla/5.0 (X11; Linux x86_64) AppleWebKit/537.36 (KHTML, like Gecko) Chrome/77.0.3865.90 Safari/537.36','http://localhost/stepapp/public/admin/lessons/add-save','Add New Data Grammar Lesson 1 at Lessons','',1,'2019-10-11 12:54:38',NULL),(17,'::1','Mozilla/5.0 (X11; Linux x86_64) AppleWebKit/537.36 (KHTML, like Gecko) Chrome/77.0.3865.90 Safari/537.36','http://localhost/stepapp/public/admin/quizzes/add-save','Add New Data Grammar Lesson 1 Question 1 at Quiz Questions','',1,'2019-10-11 12:59:49',NULL),(18,'::1','Mozilla/5.0 (X11; Linux x86_64) AppleWebKit/537.36 (KHTML, like Gecko) Chrome/77.0.3865.90 Safari/537.36','http://localhost/stepapp/public/admin/quizzes/edit-save/1','Update data Grammar Lesson 1 Question 1 at Quiz Questions','<table class=\"table table-striped\"><thead><tr><th>Key</th><th>Old Value</th><th>New Value</th></thead><tbody><tr><td>deleted_at</td><td></td><td></td></tr></tbody></table>',1,'2019-10-11 12:59:54',NULL),(19,'::1','Mozilla/5.0 (X11; Linux x86_64) AppleWebKit/537.36 (KHTML, like Gecko) Chrome/77.0.3865.90 Safari/537.36','http://localhost/stepapp/public/admin/quizzes/add-save','Add New Data Grammar Lesson 1 Question 2 at Quiz Questions','',1,'2019-10-11 13:20:35',NULL),(20,'::1','Mozilla/5.0 (X11; Linux x86_64) AppleWebKit/537.36 (KHTML, like Gecko) Chrome/77.0.3865.90 Safari/537.36','http://localhost/stepapp/public/admin/options/add-save','Add New Data  at Options','',1,'2019-10-11 13:21:30',NULL),(21,'::1','Mozilla/5.0 (X11; Linux x86_64) AppleWebKit/537.36 (KHTML, like Gecko) Chrome/77.0.3865.90 Safari/537.36','http://localhost/stepapp/public/admin/options/edit-save/1','Update data  at Options','<table class=\"table table-striped\"><thead><tr><th>Key</th><th>Old Value</th><th>New Value</th></thead><tbody><tr><td>deleted_at</td><td></td><td></td></tr></tbody></table>',1,'2019-10-11 13:29:31',NULL),(22,'::1','Mozilla/5.0 (X11; Linux x86_64) AppleWebKit/537.36 (KHTML, like Gecko) Chrome/77.0.3865.90 Safari/537.36','http://localhost/stepapp/public/admin/options/add-save','Add New Data  at Options','',1,'2019-10-11 13:29:43',NULL),(23,'::1','Mozilla/5.0 (X11; Linux x86_64) AppleWebKit/537.36 (KHTML, like Gecko) Chrome/77.0.3865.90 Safari/537.36','http://localhost/stepapp/public/admin/options/add-save','Add New Data  at Options','',1,'2019-10-11 13:29:49',NULL),(24,'::1','Mozilla/5.0 (X11; Linux x86_64) AppleWebKit/537.36 (KHTML, like Gecko) Chrome/77.0.3865.90 Safari/537.36','http://localhost/stepapp/public/admin/options/edit-save/2','Update data  at Options','<table class=\"table table-striped\"><thead><tr><th>Key</th><th>Old Value</th><th>New Value</th></thead><tbody><tr><td>is_correct</td><td>0</td><td>1</td></tr><tr><td>deleted_at</td><td></td><td></td></tr></tbody></table>',1,'2019-10-11 13:30:26',NULL),(25,'::1','Mozilla/5.0 (X11; Linux x86_64) AppleWebKit/537.36 (KHTML, like Gecko) Chrome/77.0.3865.90 Safari/537.36','http://localhost/stepapp/public/admin/content_pages/add-save','Add New Data About Step App at Content Management','',1,'2019-10-11 13:36:55',NULL),(26,'::1','Mozilla/5.0 (X11; Linux x86_64) AppleWebKit/537.36 (KHTML, like Gecko) Chrome/77.0.3865.90 Safari/537.36','http://localhost/stepapp/public/admin/content_pages/add-save','Add New Data Terms of Service at Content Management','',1,'2019-10-11 13:37:23',NULL),(27,'::1','Mozilla/5.0 (X11; Linux x86_64) AppleWebKit/537.36 (KHTML, like Gecko) Chrome/77.0.3865.90 Safari/537.36','http://localhost/stepapp/public/admin/menu_management/delete/9','Delete data Lesson Reviews at Menu Management','',1,'2019-10-11 13:54:14',NULL),(28,'::1','Mozilla/5.0 (X11; Linux x86_64) AppleWebKit/537.36 (KHTML, like Gecko) Chrome/77.0.3865.90 Safari/537.36','http://localhost/stepapp/public/admin/menu_management/delete/8','Delete data Options at Menu Management','',1,'2019-10-11 13:54:27',NULL),(29,'::1','Mozilla/5.0 (X11; Linux x86_64) AppleWebKit/537.36 (KHTML, like Gecko) Chrome/77.0.3865.90 Safari/537.36','http://localhost/stepapp/public/admin/menu_management/edit-save/4','Update data Content Management at Menu Management','<table class=\"table table-striped\"><thead><tr><th>Key</th><th>Old Value</th><th>New Value</th></thead><tbody><tr><td>color</td><td></td><td>normal</td></tr><tr><td>sorting</td><td>3</td><td></td></tr></tbody></table>',1,'2019-10-11 13:54:36',NULL),(30,'::1','Mozilla/5.0 (X11; Linux x86_64) AppleWebKit/537.36 (KHTML, like Gecko) Chrome/77.0.3865.90 Safari/537.36','http://localhost/stepapp/public/admin/menu_management/edit-save/5','Update data Courses at Menu Management','<table class=\"table table-striped\"><thead><tr><th>Key</th><th>Old Value</th><th>New Value</th></thead><tbody><tr><td>color</td><td></td><td>normal</td></tr><tr><td>sorting</td><td>4</td><td></td></tr></tbody></table>',1,'2019-10-11 13:54:41',NULL),(31,'::1','Mozilla/5.0 (X11; Linux x86_64) AppleWebKit/537.36 (KHTML, like Gecko) Chrome/77.0.3865.90 Safari/537.36','http://localhost/stepapp/public/admin/menu_management/edit-save/6','Update data Lessons at Menu Management','<table class=\"table table-striped\"><thead><tr><th>Key</th><th>Old Value</th><th>New Value</th></thead><tbody><tr><td>color</td><td></td><td>normal</td></tr><tr><td>sorting</td><td>5</td><td></td></tr></tbody></table>',1,'2019-10-11 13:54:46',NULL),(32,'::1','Mozilla/5.0 (X11; Linux x86_64) AppleWebKit/537.36 (KHTML, like Gecko) Chrome/77.0.3865.90 Safari/537.36','http://localhost/stepapp/public/admin/menu_management/edit-save/7','Update data Questions at Menu Management','<table class=\"table table-striped\"><thead><tr><th>Key</th><th>Old Value</th><th>New Value</th></thead><tbody><tr><td>color</td><td></td><td>normal</td></tr><tr><td>sorting</td><td>6</td><td></td></tr></tbody></table>',1,'2019-10-11 13:54:51',NULL),(33,'::1','Mozilla/5.0 (X11; Linux x86_64) AppleWebKit/537.36 (KHTML, like Gecko) Chrome/77.0.3865.90 Safari/537.36','http://localhost/stepapp/public/admin/menu_management/delete/11','Delete data Mock Quiz Options at Menu Management','',1,'2019-10-11 14:03:57',NULL),(34,'::1','Mozilla/5.0 (X11; Linux x86_64) AppleWebKit/537.36 (KHTML, like Gecko) Chrome/77.0.3865.90 Safari/537.36','http://localhost/stepapp/public/admin/menu_management/edit-save/10','Update data Mock Quiz at Menu Management','<table class=\"table table-striped\"><thead><tr><th>Key</th><th>Old Value</th><th>New Value</th></thead><tbody><tr><td>color</td><td></td><td>normal</td></tr><tr><td>sorting</td><td>7</td><td></td></tr></tbody></table>',1,'2019-10-11 14:04:03',NULL),(35,'::1','Mozilla/5.0 (X11; Linux x86_64) AppleWebKit/537.36 (KHTML, like Gecko) Chrome/77.0.3865.90 Safari/537.36','http://localhost/stepapp/public/admin/mock_quizzes/add-save','Add New Data  at Mock Quiz','',1,'2019-10-11 14:04:16',NULL),(36,'::1','Mozilla/5.0 (X11; Linux x86_64) AppleWebKit/537.36 (KHTML, like Gecko) Chrome/77.0.3865.90 Safari/537.36','http://localhost/stepapp/public/admin/mock_quiz_options/add-save','Add New Data  at Mock Quiz Options','',1,'2019-10-11 14:04:24',NULL),(37,'::1','Mozilla/5.0 (X11; Linux x86_64) AppleWebKit/537.36 (KHTML, like Gecko) Chrome/77.0.3865.90 Safari/537.36','http://localhost/stepapp/public/admin/mock_quiz_options/add-save','Add New Data  at Mock Quiz Options','',1,'2019-10-11 14:04:28',NULL),(38,'::1','Mozilla/5.0 (X11; Linux x86_64) AppleWebKit/537.36 (KHTML, like Gecko) Chrome/77.0.3865.90 Safari/537.36','http://localhost/stepapp/public/admin/mock_quiz_options/add-save','Add New Data  at Mock Quiz Options','',1,'2019-10-11 14:04:30',NULL),(39,'::1','Mozilla/5.0 (X11; Linux x86_64) AppleWebKit/537.36 (KHTML, like Gecko) Chrome/77.0.3865.90 Safari/537.36','http://localhost/stepapp/public/admin/mock_quiz_options/edit-save/3','Update data  at Mock Quiz Options','<table class=\"table table-striped\"><thead><tr><th>Key</th><th>Old Value</th><th>New Value</th></thead><tbody><tr><td>deleted_at</td><td></td><td></td></tr></tbody></table>',1,'2019-10-11 14:04:37',NULL),(40,'::1','Mozilla/5.0 (X11; Linux x86_64) AppleWebKit/537.36 (KHTML, like Gecko) Chrome/77.0.3865.90 Safari/537.36','http://localhost/stepapp/public/admin/mock_quizzes/add-save','Add New Data  at Mock Quiz','',1,'2019-10-11 14:04:46',NULL),(41,'::1','Mozilla/5.0 (X11; Linux x86_64) AppleWebKit/537.36 (KHTML, like Gecko) Chrome/77.0.3865.90 Safari/537.36','http://localhost/stepapp/public/admin/users/edit-save/1','Update data Super Admin at Users Management','<table class=\"table table-striped\"><thead><tr><th>Key</th><th>Old Value</th><th>New Value</th></thead><tbody><tr><td>photo</td><td></td><td>uploads/1/2019-10/user.jpg</td></tr><tr><td>email</td><td>admin@crudbooster.com</td><td>devs@stepapp.com</td></tr><tr><td>password</td><td>$2y$10$9qoZsRaYvLiuGkeKkyMileGnikjhypNLBsBgXfXlRk6C2fSGwK0qe</td><td>$2y$10$ZCW901KVMdZ24/HSHiBeb.8oYx2wXwRl6sADBUMQ.k3GADGMtsikm</td></tr><tr><td>status</td><td>Active</td><td></td></tr></tbody></table>',1,'2019-10-11 14:05:43',NULL),(42,'::1','Mozilla/5.0 (X11; Linux x86_64) AppleWebKit/537.36 (KHTML, like Gecko) Chrome/77.0.3865.90 Safari/537.36','http://localhost/stepapp/public/admin/users/add-save','Add New Data Admin at Users Management','',1,'2019-10-11 14:06:05',NULL),(43,'::1','Mozilla/5.0 (X11; Linux x86_64) AppleWebKit/537.36 (KHTML, like Gecko) Chrome/77.0.3865.90 Safari/537.36','http://localhost/stepapp/public/admin/logout','devs@stepapp.com logout','',1,'2019-10-11 14:06:11',NULL),(44,'::1','Mozilla/5.0 (X11; Linux x86_64) AppleWebKit/537.36 (KHTML, like Gecko) Chrome/77.0.3865.90 Safari/537.36','http://localhost/stepapp/public/admin/login','admin@stepapp.com login with IP Address ::1','',2,'2019-10-11 14:06:20',NULL),(45,'::1','Mozilla/5.0 (X11; Linux x86_64) AppleWebKit/537.36 (KHTML, like Gecko) Chrome/77.0.3865.90 Safari/537.36','http://localhost/stepapp/public/admin/courses','Try view the data :name at Courses','',2,'2019-10-11 14:19:55',NULL),(46,'::1','Mozilla/5.0 (X11; Linux x86_64) AppleWebKit/537.36 (KHTML, like Gecko) Chrome/77.0.3865.90 Safari/537.36','http://localhost/stepapp/public/admin/lessons','Try view the data :name at Lessons','',2,'2019-10-11 14:19:57',NULL),(47,'::1','Mozilla/5.0 (X11; Linux x86_64) AppleWebKit/537.36 (KHTML, like Gecko) Chrome/77.0.3865.90 Safari/537.36','http://localhost/stepapp/public/admin/logout','admin@stepapp.com logout','',2,'2019-10-11 14:20:03',NULL),(48,'::1','Mozilla/5.0 (X11; Linux x86_64) AppleWebKit/537.36 (KHTML, like Gecko) Chrome/77.0.3865.90 Safari/537.36','http://localhost/stepapp/public/admin/login','devs@stepapp.com login with IP Address ::1','',1,'2019-10-11 14:20:14',NULL),(49,'::1','Mozilla/5.0 (X11; Linux x86_64) AppleWebKit/537.36 (KHTML, like Gecko) Chrome/77.0.3865.90 Safari/537.36','http://localhost/stepapp/public/admin/logout','devs@stepapp.com logout','',1,'2019-10-11 14:20:53',NULL),(50,'::1','Mozilla/5.0 (X11; Linux x86_64) AppleWebKit/537.36 (KHTML, like Gecko) Chrome/77.0.3865.90 Safari/537.36','http://localhost/stepapp/public/admin/login','admin@stepapp.com login with IP Address ::1','',2,'2019-10-11 14:21:09',NULL),(51,'192.168.12.30','Mozilla/5.0 (X11; Linux x86_64) AppleWebKit/537.36 (KHTML, like Gecko) Chrome/77.0.3865.90 Safari/537.36','http://192.168.12.30/stepapp/public/admin/login','admin@stepapp.com login with IP Address 192.168.12.30','',2,'2019-10-11 14:26:55',NULL),(52,'192.168.12.65','Mozilla/5.0 (X11; Linux x86_64) AppleWebKit/537.36 (KHTML, like Gecko) Chrome/77.0.3865.90 Safari/537.36','http://192.168.12.30/stepapp/public/admin/login','admin@stepapp.com login with IP Address 192.168.12.65','',2,'2019-10-11 14:28:58',NULL),(53,'192.168.12.65','Mozilla/5.0 (X11; Linux x86_64) AppleWebKit/537.36 (KHTML, like Gecko) Chrome/77.0.3865.90 Safari/537.36','http://192.168.12.30/stepapp/public/admin/quizzes/add-save','Add New Data test at Quiz Questions','',2,'2019-10-11 14:29:52',NULL),(54,'192.168.12.65','Mozilla/5.0 (X11; Linux x86_64) AppleWebKit/537.36 (KHTML, like Gecko) Chrome/77.0.3865.90 Safari/537.36','http://192.168.12.30/stepapp/public/admin/quizzes/delete/3','Delete data test at Quiz Questions','',2,'2019-10-11 14:30:23',NULL),(55,'192.168.12.65','Mozilla/5.0 (X11; Linux x86_64) AppleWebKit/537.36 (KHTML, like Gecko) Chrome/77.0.3865.90 Safari/537.36','http://192.168.12.30/stepapp/public/admin/mock_quizzes/add-save','Add New Data  at Mock Quiz','',2,'2019-10-11 14:30:37',NULL),(56,'192.168.12.21','Mozilla/5.0 (X11; Linux x86_64) AppleWebKit/537.36 (KHTML, like Gecko) Chrome/77.0.3865.90 Safari/537.36','http://192.168.12.30/stepapp/public/admin/login','admin@stepapp.com login with IP Address 192.168.12.21','',2,'2019-10-11 14:35:09',NULL),(57,'192.168.12.30','Mozilla/5.0 (X11; Linux x86_64) AppleWebKit/537.36 (KHTML, like Gecko) Chrome/77.0.3865.90 Safari/537.36','http://192.168.12.30/stepapp/public/admin/logout','admin@stepapp.com logout','',2,'2019-10-11 14:41:24',NULL),(58,'192.168.12.30','Mozilla/5.0 (X11; Linux x86_64) AppleWebKit/537.36 (KHTML, like Gecko) Chrome/77.0.3865.90 Safari/537.36','http://192.168.12.30/stepapp/public/admin/login','devs@stepapp.com login with IP Address 192.168.12.30','',1,'2019-10-11 14:41:44',NULL),(59,'192.168.12.30','Mozilla/5.0 (X11; Linux x86_64) AppleWebKit/537.36 (KHTML, like Gecko) Chrome/77.0.3865.90 Safari/537.36','http://192.168.12.30/stepapp/public/admin/menu_management/delete/7','Delete data Questions at Menu Management','',1,'2019-10-11 14:42:02',NULL),(60,'192.168.12.30','Mozilla/5.0 (X11; Linux x86_64) AppleWebKit/537.36 (KHTML, like Gecko) Chrome/77.0.3865.90 Safari/537.36','http://192.168.12.30/stepapp/public/admin/logout','devs@stepapp.com logout','',1,'2019-10-11 14:42:06',NULL),(61,'192.168.12.30','Mozilla/5.0 (X11; Linux x86_64) AppleWebKit/537.36 (KHTML, like Gecko) Chrome/77.0.3865.90 Safari/537.36','http://192.168.12.30/stepapp/public/admin/login','admin@stepapp.com login with IP Address 192.168.12.30','',2,'2019-10-11 14:42:13',NULL),(62,'::1','Mozilla/5.0 (X11; Linux x86_64) AppleWebKit/537.36 (KHTML, like Gecko) Chrome/77.0.3865.90 Safari/537.36','http://localhost/stepapp/public/admin/login','devs@stepapp.com login with IP Address ::1','',1,'2019-10-14 07:12:57',NULL),(63,'::1','Mozilla/5.0 (X11; Linux x86_64) AppleWebKit/537.36 (KHTML, like Gecko) Chrome/77.0.3865.90 Safari/537.36','http://localhost/stepapp/public/admin/quizzes/action-selected','Delete data 5,4 at Quiz Questions','',1,'2019-10-14 07:21:20',NULL),(64,'::1','Mozilla/5.0 (X11; Linux x86_64) AppleWebKit/537.36 (KHTML, like Gecko) Chrome/77.0.3865.90 Safari/537.36','http://localhost/stepapp/public/admin/quizzes/add-save','Add New Data Grammar Lesson 1 Question 3 at Quiz Questions','',1,'2019-10-14 07:27:52',NULL),(65,'::1','Mozilla/5.0 (X11; Linux x86_64) AppleWebKit/537.36 (KHTML, like Gecko) Chrome/77.0.3865.90 Safari/537.36','http://localhost/stepapp/public/admin/options/action-selected','Delete data 8,7,6,5,4 at Options','',1,'2019-10-14 07:30:21',NULL),(66,'::1','Mozilla/5.0 (X11; Linux x86_64) AppleWebKit/537.36 (KHTML, like Gecko) Chrome/77.0.3865.90 Safari/537.36','http://localhost/stepapp/public/admin/quizzes/action-selected','Delete data 8,7 at Quiz Questions','',1,'2019-10-14 07:30:33',NULL),(67,'::1','Mozilla/5.0 (X11; Linux x86_64) AppleWebKit/537.36 (KHTML, like Gecko) Chrome/77.0.3865.90 Safari/537.36','http://localhost/stepapp/public/admin/quizzes/action-selected','Delete data 6 at Quiz Questions','',1,'2019-10-14 07:30:45',NULL),(68,'::1','Mozilla/5.0 (X11; Linux x86_64) AppleWebKit/537.36 (KHTML, like Gecko) Chrome/77.0.3865.90 Safari/537.36','http://localhost/stepapp/public/admin/quizzes/add-save','Add New Data Grammar Lesson 1 Question 4 at Quiz Questions','',1,'2019-10-14 07:32:36',NULL),(69,'::1','Mozilla/5.0 (X11; Linux x86_64) AppleWebKit/537.36 (KHTML, like Gecko) Chrome/77.0.3865.90 Safari/537.36','http://localhost/stepapp/public/admin/quizzes/add-save','Add New Data Grammar Lesson 1 Question 3 at Quiz Questions','',1,'2019-10-14 07:34:35',NULL),(70,'::1','Mozilla/5.0 (X11; Linux x86_64) AppleWebKit/537.36 (KHTML, like Gecko) Chrome/77.0.3865.90 Safari/537.36','http://localhost/stepapp/public/admin/options/delete/13','Delete data 13 at Options','',1,'2019-10-14 07:42:24',NULL),(71,'::1','Mozilla/5.0 (X11; Linux x86_64) AppleWebKit/537.36 (KHTML, like Gecko) Chrome/77.0.3865.90 Safari/537.36','http://localhost/stepapp/public/admin/options/edit-save/16','Update data  at Options','<table class=\"table table-striped\"><thead><tr><th>Key</th><th>Old Value</th><th>New Value</th></thead><tbody><tr><td>deleted_at</td><td></td><td></td></tr></tbody></table>',1,'2019-10-14 07:42:37',NULL),(72,'::1','Mozilla/5.0 (X11; Linux x86_64) AppleWebKit/537.36 (KHTML, like Gecko) Chrome/77.0.3865.90 Safari/537.36','http://localhost/stepapp/public/admin/quizzes/edit-save/10','Update data Grammar Lesson 1 Question 3 at Quiz Questions','<table class=\"table table-striped\"><thead><tr><th>Key</th><th>Old Value</th><th>New Value</th></thead><tbody><tr><td>deleted_at</td><td></td><td></td></tr></tbody></table>',1,'2019-10-14 07:43:03',NULL),(73,'::1','Mozilla/5.0 (X11; Linux x86_64) AppleWebKit/537.36 (KHTML, like Gecko) Chrome/77.0.3865.90 Safari/537.36','http://localhost/stepapp/public/admin/login','devs@stepapp.com login with IP Address ::1','',1,'2019-10-14 11:53:26',NULL),(74,'::1','Mozilla/5.0 (X11; Linux x86_64) AppleWebKit/537.36 (KHTML, like Gecko) Chrome/77.0.3865.90 Safari/537.36','http://localhost/stepapp/public/admin/quizzes/action-selected','Delete data 11 at Quiz Questions','',1,'2019-10-14 12:12:55',NULL),(75,'::1','Mozilla/5.0 (X11; Linux x86_64) AppleWebKit/537.36 (KHTML, like Gecko) Chrome/77.0.3865.90 Safari/537.36','http://localhost/stepapp/public/admin/quizzes/action-selected','Delete data 10 at Quiz Questions','',1,'2019-10-14 12:13:02',NULL),(76,'::1','Mozilla/5.0 (X11; Linux x86_64) AppleWebKit/537.36 (KHTML, like Gecko) Chrome/77.0.3865.90 Safari/537.36','http://localhost/stepapp/public/admin/login','devs@stepapp.com login with IP Address ::1','',1,'2019-10-15 07:18:58',NULL),(77,'::1','Mozilla/5.0 (X11; Linux x86_64) AppleWebKit/537.36 (KHTML, like Gecko) Chrome/77.0.3865.90 Safari/537.36','http://localhost/stepapp/public/admin/email_templates/add-save','Add New Data User Registration at Email Templates','',1,'2019-10-15 10:53:29',NULL),(78,'::1','Mozilla/5.0 (X11; Linux x86_64) AppleWebKit/537.36 (KHTML, like Gecko) Chrome/77.0.3865.90 Safari/537.36','http://localhost/stepapp/public/admin/email_templates/add-save','Add New Data Forgot Password App User at Email Templates','',1,'2019-10-15 13:57:07',NULL),(79,'::1','Mozilla/5.0 (X11; Linux x86_64) AppleWebKit/537.36 (KHTML, like Gecko) Chrome/76.0.3809.100 Safari/537.36','http://localhost/step-app/public/admin/login','devs@stepapp.com login with IP Address ::1','',1,'2019-10-16 08:49:22',NULL),(80,'::1','Mozilla/5.0 (X11; Linux x86_64) AppleWebKit/537.36 (KHTML, like Gecko) Chrome/76.0.3809.100 Safari/537.36','http://localhost/step-app/public/admin/module_generator/delete/20','Delete data Dummy at Module Generator','',1,'2019-10-16 09:04:36',NULL),(81,'::1','Mozilla/5.0 (X11; Linux x86_64) AppleWebKit/537.36 (KHTML, like Gecko) Chrome/76.0.3809.100 Safari/537.36','http://localhost/step-app/public/admin/settings/add-save','Add New Data passing_score at Settings','',1,'2019-10-16 14:10:07',NULL),(82,'::1','Mozilla/5.0 (X11; Linux x86_64) AppleWebKit/537.36 (KHTML, like Gecko) Chrome/76.0.3809.100 Safari/537.36','http://localhost/step-app/public/admin/settings/add-save','Add New Data marks_per_question at Settings','',1,'2019-10-16 15:00:44',NULL),(83,'::1','Mozilla/5.0 (X11; Linux x86_64) AppleWebKit/537.36 (KHTML, like Gecko) Chrome/76.0.3809.100 Safari/537.36','http://localhost/step-app/public/admin/login','devs@stepapp.com login with IP Address ::1','',1,'2019-10-17 13:24:44',NULL),(84,'::1','Mozilla/5.0 (X11; Linux x86_64) AppleWebKit/537.36 (KHTML, like Gecko) Chrome/76.0.3809.100 Safari/537.36','http://localhost/step-app/public/admin/settings/add-save','Add New Data terms_of_services at Settings','',1,'2019-10-17 14:10:09',NULL),(85,'::1','Mozilla/5.0 (X11; Linux x86_64) AppleWebKit/537.36 (KHTML, like Gecko) Chrome/76.0.3809.100 Safari/537.36','http://localhost/step-app/public/admin/settings/add-save','Add New Data about_step_app at Settings','',1,'2019-10-17 14:15:17',NULL),(86,'::1','Mozilla/5.0 (X11; Linux x86_64) AppleWebKit/537.36 (KHTML, like Gecko) Chrome/76.0.3809.100 Safari/537.36','http://localhost/step-app/public/admin/settings/edit-save/20','Update data  at Settings','<table class=\"table table-striped\"><thead><tr><th>Key</th><th>Old Value</th><th>New Value</th></thead><tbody><tr><td>name</td><td>about_step_app</td><td></td></tr><tr><td>content</td><td></td><td></td></tr><tr><td>content_input_type</td><td>text</td><td>textarea</td></tr><tr><td>dataenum</td><td></td><td></td></tr><tr><td>helper</td><td></td><td></td></tr></tbody></table>',1,'2019-10-17 14:15:31',NULL),(87,'::1','Mozilla/5.0 (X11; Linux x86_64) AppleWebKit/537.36 (KHTML, like Gecko) Chrome/76.0.3809.100 Safari/537.36','http://localhost/step-app/public/admin/settings/add-save','Add New Data faq at Settings','',1,'2019-10-17 14:27:27',NULL),(88,'::1','Mozilla/5.0 (X11; Linux x86_64) AppleWebKit/537.36 (KHTML, like Gecko) Chrome/76.0.3809.100 Safari/537.36','http://localhost/step-app/public/admin/settings/add-save','Add New Data mock_passing_score at Settings','',1,'2019-10-17 15:26:11',NULL),(89,'::1','Mozilla/5.0 (X11; Linux x86_64) AppleWebKit/537.36 (KHTML, like Gecko) Chrome/76.0.3809.100 Safari/537.36','http://localhost/step-app/public/admin/settings/add-save','Add New Data mock_marks_per_question at Settings','',1,'2019-10-17 15:26:29',NULL),(90,'::1','Mozilla/5.0 (X11; Linux x86_64) AppleWebKit/537.36 (KHTML, like Gecko) Chrome/76.0.3809.100 Safari/537.36','http://localhost/step-app/public/admin/login','devs@stepapp.com login with IP Address ::1','',1,'2019-10-18 07:16:25',NULL),(91,'::1','Mozilla/5.0 (X11; Linux x86_64) AppleWebKit/537.36 (KHTML, like Gecko) Chrome/76.0.3809.100 Safari/537.36','http://localhost/step-app/public/admin/lessons/add-save','Add New Data dfasfsdf at Lessons','',1,'2019-10-18 10:36:37',NULL),(92,'::1','Mozilla/5.0 (X11; Linux x86_64) AppleWebKit/537.36 (KHTML, like Gecko) Chrome/76.0.3809.100 Safari/537.36','http://localhost/step-app/public/admin/lessons/add-save','Add New Data Listening Lessong at Lessons','',1,'2019-10-18 10:38:43',NULL),(93,'::1','Mozilla/5.0 (X11; Linux x86_64) AppleWebKit/537.36 (KHTML, like Gecko) Chrome/76.0.3809.100 Safari/537.36','http://localhost/step-app/public/admin/lessons/add-save','Add New Data Listening Lesson at Lessons','',1,'2019-10-18 10:49:42',NULL),(94,'::1','Mozilla/5.0 (X11; Linux x86_64) AppleWebKit/537.36 (KHTML, like Gecko) Chrome/76.0.3809.100 Safari/537.36','http://localhost/step-app/public/admin/lessons/add-save','Add New Data Reset Password at Lessons','',1,'2019-10-18 10:53:29',NULL),(95,'::1','Mozilla/5.0 (X11; Linux x86_64) AppleWebKit/537.36 (KHTML, like Gecko) Chrome/76.0.3809.100 Safari/537.36','http://localhost/step-app/public/admin/lessons/add-save','Add New Data hello at Lessons','',1,'2019-10-18 10:54:40',NULL),(96,'::1','Mozilla/5.0 (X11; Linux x86_64) AppleWebKit/537.36 (KHTML, like Gecko) Chrome/76.0.3809.100 Safari/537.36','http://localhost/step-app/public/admin/lessons/add-save','Add New Data fsadf at Lessons','',1,'2019-10-18 10:56:00',NULL),(97,'::1','Mozilla/5.0 (X11; Linux x86_64) AppleWebKit/537.36 (KHTML, like Gecko) Chrome/76.0.3809.100 Safari/537.36','http://localhost/step-app/public/admin/lessons/add-save','Add New Data fasdf at Lessons','',1,'2019-10-18 11:01:34',NULL),(98,'::1','Mozilla/5.0 (X11; Linux x86_64) AppleWebKit/537.36 (KHTML, like Gecko) Chrome/76.0.3809.100 Safari/537.36','http://localhost/step-app/public/admin/lessons/add-save','Add New Data fsdafas at Lessons','',1,'2019-10-18 11:07:44',NULL),(99,'::1','Mozilla/5.0 (X11; Linux x86_64) AppleWebKit/537.36 (KHTML, like Gecko) Chrome/76.0.3809.100 Safari/537.36','http://localhost/step-app/public/admin/lessons/add-save','Add New Data fasdf at Lessons','',1,'2019-10-18 11:09:24',NULL),(100,'::1','Mozilla/5.0 (X11; Linux x86_64) AppleWebKit/537.36 (KHTML, like Gecko) Chrome/76.0.3809.100 Safari/537.36','http://localhost/step-app/public/admin/lessons/add-save','Add New Data fasdf at Lessons','',1,'2019-10-18 11:12:28',NULL),(101,'::1','Mozilla/5.0 (X11; Linux x86_64) AppleWebKit/537.36 (KHTML, like Gecko) Chrome/76.0.3809.100 Safari/537.36','http://localhost/step-app/public/admin/lessons/add-save','Add New Data fasdfa at Lessons','',1,'2019-10-18 11:16:25',NULL),(102,'::1','Mozilla/5.0 (X11; Linux x86_64) AppleWebKit/537.36 (KHTML, like Gecko) Chrome/76.0.3809.100 Safari/537.36','http://localhost/step-app/public/admin/lessons/add-save','Add New Data Forgot Password at Lessons','',1,'2019-10-18 11:16:52',NULL),(103,'::1','Mozilla/5.0 (X11; Linux x86_64) AppleWebKit/537.36 (KHTML, like Gecko) Chrome/76.0.3809.100 Safari/537.36','http://localhost/step-app/public/admin/lessons/action-selected','Delete data 13,12,11,10,9,8,7,6,5,4,3 at Lessons','',1,'2019-10-18 11:18:01',NULL),(104,'::1','Mozilla/5.0 (X11; Linux x86_64) AppleWebKit/537.36 (KHTML, like Gecko) Chrome/76.0.3809.100 Safari/537.36','http://localhost/step-app/public/admin/lessons/add-save','Add New Data Listening Lesson at Lessons','',1,'2019-10-18 11:18:33',NULL),(105,'::1','Mozilla/5.0 (X11; Linux x86_64) AppleWebKit/537.36 (KHTML, like Gecko) Chrome/76.0.3809.100 Safari/537.36','http://localhost/step-app/public/admin/lessons/add-save','Add New Data fasfd at Lessons','',1,'2019-10-18 11:22:43',NULL),(106,'::1','Mozilla/5.0 (X11; Linux x86_64) AppleWebKit/537.36 (KHTML, like Gecko) Chrome/76.0.3809.100 Safari/537.36','http://localhost/step-app/public/admin/settings/add-save','Add New Data notification_status at Settings','',1,'2019-10-18 15:17:37',NULL),(107,'::1','Mozilla/5.0 (X11; Linux x86_64) AppleWebKit/537.36 (KHTML, like Gecko) Chrome/76.0.3809.100 Safari/537.36','http://localhost/step-app/public/admin/login','devs@stepapp.com login with IP Address ::1','',1,'2019-10-21 07:02:12',NULL),(108,'::1','Mozilla/5.0 (X11; Linux x86_64) AppleWebKit/537.36 (KHTML, like Gecko) Chrome/76.0.3809.100 Safari/537.36','http://localhost/step-app/public/admin/settings/add-save','Add New Data mock_test_timer at Settings','',1,'2019-10-21 07:04:18',NULL),(109,'::1','Mozilla/5.0 (X11; Linux x86_64) AppleWebKit/537.36 (KHTML, like Gecko) Chrome/76.0.3809.100 Safari/537.36','http://localhost/step-app/public/admin/settings/edit-save/25','Update data  at Settings','<table class=\"table table-striped\"><thead><tr><th>Key</th><th>Old Value</th><th>New Value</th></thead><tbody><tr><td>name</td><td>mock_test_timer</td><td></td></tr><tr><td>content</td><td></td><td></td></tr><tr><td>content_input_type</td><td>datepicker</td><td>number</td></tr><tr><td>dataenum</td><td></td><td></td></tr><tr><td>helper</td><td></td><td></td></tr><tr><td>label</td><td>Mock Test Timer</td><td>Mock Test Completion Minutes</td></tr></tbody></table>',1,'2019-10-21 07:25:14',NULL),(110,'::1','Mozilla/5.0 (X11; Linux x86_64) AppleWebKit/537.36 (KHTML, like Gecko) Chrome/76.0.3809.100 Safari/537.36','http://localhost/step-app/public/admin/lessons/delete-image','Delete the image of Listening Lesson at Lessons','',1,'2019-10-21 07:42:05',NULL),(111,'::1','Mozilla/5.0 (X11; Linux x86_64) AppleWebKit/537.36 (KHTML, like Gecko) Chrome/76.0.3809.100 Safari/537.36','http://localhost/step-app/public/admin/email_templates/add-save','Add New Data Contact Us at Email Templates','',1,'2019-10-21 08:13:08',NULL),(112,'127.0.0.1','Mozilla/5.0 (X11; Ubuntu; Linux x86_64; rv:70.0) Gecko/20100101 Firefox/70.0','http://localhost/step-app/public/admin/login','devs@stepapp.com login with IP Address 127.0.0.1','',1,'2019-10-24 11:46:59',NULL),(113,'127.0.0.1','Mozilla/5.0 (X11; Ubuntu; Linux x86_64; rv:70.0) Gecko/20100101 Firefox/70.0','http://localhost/step-app/public/admin/users/edit-save/1','Update data Super Admin at Users Management','<table class=\"table table-striped\"><thead><tr><th>Key</th><th>Old Value</th><th>New Value</th></thead><tbody><tr><td>photo</td><td>uploads/1/2019-10/user.jpg</td><td></td></tr><tr><td>password</td><td>$2y$10$ZCW901KVMdZ24/HSHiBeb.8oYx2wXwRl6sADBUMQ.k3GADGMtsikm</td><td>$2y$10$n2Mj0t8sLgwCQiylcbR2iOFQsJXA4sLZbduKWOz9YfQmE7zqotyiO</td></tr><tr><td>id_cms_privileges</td><td>1</td><td></td></tr><tr><td>status</td><td>Active</td><td></td></tr></tbody></table>',1,'2019-10-24 11:47:34',NULL),(114,'127.0.0.1','Mozilla/5.0 (X11; Ubuntu; Linux x86_64; rv:70.0) Gecko/20100101 Firefox/70.0','http://localhost/step-app/public/admin/settings/delete/19','Delete data terms_of_services at Settings','',1,'2019-10-24 13:07:10',NULL),(115,'127.0.0.1','Mozilla/5.0 (X11; Ubuntu; Linux x86_64; rv:70.0) Gecko/20100101 Firefox/70.0','http://localhost/step-app/public/admin/settings/delete/21','Delete data faq at Settings','',1,'2019-10-24 13:07:14',NULL),(116,'127.0.0.1','Mozilla/5.0 (X11; Ubuntu; Linux x86_64; rv:70.0) Gecko/20100101 Firefox/70.0','http://localhost/step-app/public/admin/settings/delete/20','Delete data about_step_app at Settings','',1,'2019-10-24 13:07:20',NULL),(117,'127.0.0.1','Mozilla/5.0 (X11; Ubuntu; Linux x86_64; rv:70.0) Gecko/20100101 Firefox/70.0','http://localhost/step-app/public/admin/login','devs@stepapp.com login with IP Address 127.0.0.1','',1,'2019-10-25 06:06:28',NULL),(118,'127.0.0.1','Mozilla/5.0 (X11; Ubuntu; Linux x86_64; rv:70.0) Gecko/20100101 Firefox/70.0','http://localhost/step-app/public/admin/logout','devs@stepapp.com logout','',1,'2019-10-25 06:27:42',NULL),(119,'127.0.0.1','Mozilla/5.0 (X11; Ubuntu; Linux x86_64; rv:70.0) Gecko/20100101 Firefox/70.0','http://localhost/step-app/public/admin/login','devs@stepapp.com login with IP Address 127.0.0.1','',1,'2019-10-25 06:27:51',NULL),(120,'192.168.8.64','Mozilla/5.0 (Macintosh; Intel Mac OS X 10_14_6) AppleWebKit/537.36 (KHTML, like Gecko) Chrome/77.0.3865.120 Safari/537.36','http://192.168.12.22/step-app/public/admin/login','devs@stepapp.com login with IP Address 192.168.8.64','',1,'2019-10-25 06:29:46',NULL),(121,'127.0.0.1','Mozilla/5.0 (X11; Ubuntu; Linux x86_64; rv:70.0) Gecko/20100101 Firefox/70.0','http://localhost/step-app/public/admin/settings/delete/24','Delete data notification_status at Settings','',1,'2019-10-25 07:59:38',NULL),(122,'127.0.0.1','Mozilla/5.0 (X11; Ubuntu; Linux x86_64; rv:70.0) Gecko/20100101 Firefox/70.0','http://localhost/step-app/public/admin/login','devs@stepapp.com login with IP Address 127.0.0.1','',1,'2019-10-28 07:22:19',NULL),(123,'127.0.0.1','Mozilla/5.0 (X11; Ubuntu; Linux x86_64; rv:70.0) Gecko/20100101 Firefox/70.0','http://localhost/step-app/public/admin/email_templates/edit-save/2','Update data User Registration at Email Templates','<table class=\"table table-striped\"><thead><tr><th>Key</th><th>Old Value</th><th>New Value</th></thead><tbody><tr><td>content</td><td><p style=\"color: rgb(51, 51, 51);\">Dear [username],</p><p style=\"color: rgb(51, 51, 51);\">Thank you for joining us.</p><p style=\"color: rgb(51, 51, 51);\"><br></p><p style=\"color: rgb(51, 51, 51);\">Regards,</p><p style=\"color: rgb(51, 51, 51);\">Team Step App.</p></td><td><p style=\"color: rgb(51, 51, 51);\">Dear [USER_NAME]</p><p style=\"color: rgb(51, 51, 51);\"><br>Welcome to the [APP_NAME].&nbsp; Your [APP_NAME] Account has been created. Please download the application from &lt;a href=\"[APP_URL]\" &gt;here&lt;/a&gt;. <br></p><p style=\"color: rgb(51, 51, 51);\"><br>To activate your [APP_NAME] account Please click <a href=\"[ACTIVATE_URL]\">here</a><br><br>Please login to the application and learn new things. Stay in touch!<br><br></p><p style=\"color: rgb(51, 51, 51);\">Regards,</p><p style=\"color: rgb(51, 51, 51);\">Team [APP_NAME].</p></td></tr><tr><td>cc_email</td><td></td><td></td></tr></tbody></table>',1,'2019-10-28 12:29:58',NULL),(124,'127.0.0.1','Mozilla/5.0 (X11; Ubuntu; Linux x86_64; rv:70.0) Gecko/20100101 Firefox/70.0','http://localhost/step-app/public/admin/email_templates/edit-save/2','Update data User Registration at Email Templates','<table class=\"table table-striped\"><thead><tr><th>Key</th><th>Old Value</th><th>New Value</th></thead><tbody><tr><td>content</td><td><p style=\"color: rgb(51, 51, 51);\">Dear [USER_NAME]</p><p style=\"color: rgb(51, 51, 51);\"><br>Welcome to the [APP_NAME].&nbsp; Your [APP_NAME] Account has been created. Please download the application from &lt;a href=\"[APP_URL]\" &gt;here&lt;/a&gt;. <br></p><p style=\"color: rgb(51, 51, 51);\"><br>To activate your [APP_NAME] account Please click <a href=\"[ACTIVATE_URL]\">here</a><br><br>Please login to the application and learn new things. Stay in touch!<br><br></p><p style=\"color: rgb(51, 51, 51);\">Regards,</p><p style=\"color: rgb(51, 51, 51);\">Team [APP_NAME].</p></td><td><p style=\"color: rgb(51, 51, 51);\">Dear [USER_NAME]</p><p style=\"color: rgb(51, 51, 51);\"><br>Welcome to the [APP_NAME].&nbsp; Your [APP_NAME] Account has been created. Please download the application from <a href=\"[APP_URL]\">here</a>.<br></p><p style=\"color: rgb(51, 51, 51);\"><br>To activate your [APP_NAME] account Please click <a href=\"[ACTIVATE_URL]\">here</a><br><br>Please login to the application and learn new things. Stay in touch!<br><br></p><p style=\"color: rgb(51, 51, 51);\">Regards,</p><p style=\"color: rgb(51, 51, 51);\">Team [APP_NAME].</p></td></tr><tr><td>cc_email</td><td></td><td></td></tr></tbody></table>',1,'2019-10-28 12:30:37',NULL),(125,'127.0.0.1','Mozilla/5.0 (X11; Ubuntu; Linux x86_64; rv:70.0) Gecko/20100101 Firefox/70.0','http://localhost/step-app/public/admin/email_templates/edit-save/2','Update data User Registration at Email Templates','<table class=\"table table-striped\"><thead><tr><th>Key</th><th>Old Value</th><th>New Value</th></thead><tbody><tr><td>content</td><td><p style=\"color: rgb(51, 51, 51);\">Dear [USER_NAME]</p><p style=\"color: rgb(51, 51, 51);\"><br>Welcome to the [APP_NAME].&nbsp; Your [APP_NAME] Account has been created. Please download the application from <a href=\"[APP_URL]\">here</a>.<br></p><p style=\"color: rgb(51, 51, 51);\"><br>To activate your [APP_NAME] account Please click <a href=\"[ACTIVATE_URL]\">here</a><br><br>Please login to the application and learn new things. Stay in touch!<br><br></p><p style=\"color: rgb(51, 51, 51);\">Regards,</p><p style=\"color: rgb(51, 51, 51);\">Team [APP_NAME].</p></td><td><p style=\"color: rgb(51, 51, 51);\">Dear [USER_NAME]</p><p style=\"color: rgb(51, 51, 51);\"><br>Welcome to the [APP_NAME].&nbsp; Your [APP_NAME] Account has been created. Please download the application from <a href=\"[DOWNLOAD_APP_URL]\">here</a>.<br></p><p style=\"color: rgb(51, 51, 51);\"><br>To activate your [APP_NAME] account Please click <a href=\"[ACTIVATE_URL]\">here</a><br><br>Please login to the application and learn new things. Stay in touch!<br><br></p><p style=\"color: rgb(51, 51, 51);\">Regards,</p><p style=\"color: rgb(51, 51, 51);\">Team [APP_NAME].</p></td></tr><tr><td>cc_email</td><td></td><td></td></tr></tbody></table>',1,'2019-10-28 14:21:21',NULL),(126,'127.0.0.1','Mozilla/5.0 (X11; Ubuntu; Linux x86_64; rv:70.0) Gecko/20100101 Firefox/70.0','http://localhost/step-app/public/admin/settings/add-save','Add New Data application_download_url at Settings','',1,'2019-10-28 14:22:05',NULL),(127,'127.0.0.1','Mozilla/5.0 (X11; Ubuntu; Linux x86_64; rv:70.0) Gecko/20100101 Firefox/70.0','http://localhost/step-app/public/admin/email_templates/edit-save/2','Update data User Registration at Email Templates','<table class=\"table table-striped\"><thead><tr><th>Key</th><th>Old Value</th><th>New Value</th></thead><tbody><tr><td>content</td><td><p style=\"color: rgb(51, 51, 51);\">Dear [USER_NAME]</p><p style=\"color: rgb(51, 51, 51);\"><br>Welcome to the [APP_NAME].&nbsp; Your [APP_NAME] Account has been created. Please download the application from <a href=\"[DOWNLOAD_APP_URL]\">here</a>.<br></p><p style=\"color: rgb(51, 51, 51);\"><br>To activate your [APP_NAME] account Please click <a href=\"[ACTIVATE_URL]\">here</a><br><br>Please login to the application and learn new things. Stay in touch!<br><br></p><p style=\"color: rgb(51, 51, 51);\">Regards,</p><p style=\"color: rgb(51, 51, 51);\">Team [APP_NAME].</p></td><td><p style=\"color: rgb(51, 51, 51);\">Dear [USER_NAME]</p><p style=\"color: rgb(51, 51, 51);\"><br>Welcome to the [APP_NAME].&nbsp; Your [APP_NAME] Account has been created. Please <a href=\"[DOWNLOAD_APP_URL]\">download</a> the application.<br></p><p style=\"color: rgb(51, 51, 51);\"><br>To activate your [APP_NAME] account Please click <a href=\"[ACTIVATE_URL]\">here</a><br><br>Please login to the application and learn new things. Stay in touch!<br><br></p><p style=\"color: rgb(51, 51, 51);\">Regards,</p><p style=\"color: rgb(51, 51, 51);\">Team [APP_NAME].</p></td></tr><tr><td>cc_email</td><td></td><td></td></tr></tbody></table>',1,'2019-10-28 14:23:53',NULL),(128,'127.0.0.1','Mozilla/5.0 (X11; Ubuntu; Linux x86_64; rv:70.0) Gecko/20100101 Firefox/70.0','http://localhost/step-app/public/admin/email_templates/edit-save/2','Update data User Registration at Email Templates','<table class=\"table table-striped\"><thead><tr><th>Key</th><th>Old Value</th><th>New Value</th></thead><tbody><tr><td>cc_email</td><td></td><td></td></tr></tbody></table>',1,'2019-10-28 14:25:04',NULL),(129,'127.0.0.1','Mozilla/5.0 (X11; Ubuntu; Linux x86_64; rv:70.0) Gecko/20100101 Firefox/70.0','http://localhost/step-app/public/admin/login','devs@stepapp.com login with IP Address 127.0.0.1','',1,'2019-10-29 07:01:44',NULL),(130,'127.0.0.1','Mozilla/5.0 (X11; Ubuntu; Linux x86_64; rv:70.0) Gecko/20100101 Firefox/70.0','http://localhost/step-app/public/admin/logout','devs@stepapp.com logout','',1,'2019-10-29 07:18:41',NULL),(131,'127.0.0.1','Mozilla/5.0 (X11; Ubuntu; Linux x86_64; rv:70.0) Gecko/20100101 Firefox/70.0','http://localhost/step-app/public/admin/login','devs@stepapp.com login with IP Address 127.0.0.1','',1,'2019-10-29 07:18:45',NULL),(132,'127.0.0.1','Mozilla/5.0 (X11; Ubuntu; Linux x86_64; rv:70.0) Gecko/20100101 Firefox/70.0','http://localhost/step-app/public/admin/content_pages/add-save','Add New Data FAQ at Content Management','',1,'2019-10-29 07:23:43',NULL),(133,'127.0.0.1','Mozilla/5.0 (X11; Ubuntu; Linux x86_64; rv:70.0) Gecko/20100101 Firefox/70.0','http://localhost/step-app/public/admin/content_pages/edit-save/3','Update data FAQ at Content Management','<table class=\"table table-striped\"><thead><tr><th>Key</th><th>Old Value</th><th>New Value</th></thead><tbody><tr><td>type</td><td></td><td>faq</td></tr><tr><td>content</td><td><p>I<span style=\"color: rgb(0, 0, 0); font-family: &quot;Open Sans&quot;, Arial, sans-serif; font-size: 14px; font-style: normal; font-variant-ligatures: normal; font-variant-caps: normal; font-weight: 400; letter-spacing: normal; orphans: 2; text-align: justify; text-indent: 0px; text-transform: none; white-space: normal; widows: 2; word-spacing: 0px; -webkit-text-stroke-width: 0px; background-color: rgb(255, 255, 255); text-decoration-style: initial; text-decoration-color: initial; display: inline !important; float: none;\">t is a long established fact that a reader will be distracted by the readable content of a page when looking at its layout. The point of using Lorem Ipsum is that it has a more-or-less normal distribution of letters, as opposed to using \'Content here, content here\', making it look like readable English. Many desktop publishing packages and web page editors now use Lorem Ipsum as their default model text, and a search for \'lorem ipsum\' will uncover many web sites still in their infancy. Various versions have evolved over the years, sometimes by accident, sometimes on purpose (injected humour and the like).</span></p><span style=\"color: rgb(0, 0, 0); font-family: &quot;Open Sans&quot;, Arial, sans-serif; font-size: 14px; font-style: normal; font-variant-ligatures: normal; font-variant-caps: normal; font-weight: 400; letter-spacing: normal; orphans: 2; text-align: justify; text-indent: 0px; text-transform: none; white-space: normal; widows: 2; word-spacing: 0px; -webkit-text-stroke-width: 0px; background-color: rgb(255, 255, 255); text-decoration-style: initial; text-decoration-color: initial; display: inline !important; float: none;\"></span><br><span style=\"color: rgb(0, 0, 0); font-family: &quot;Open Sans&quot;, Arial, sans-serif; font-size: 14px; font-style: normal; font-variant-ligatures: normal; font-variant-caps: normal; font-weight: 400; letter-spacing: normal; orphans: 2; text-align: justify; text-indent: 0px; text-transform: none; white-space: normal; widows: 2; word-spacing: 0px; -webkit-text-stroke-width: 0px; background-color: rgb(255, 255, 255); text-decoration-style: initial; text-decoration-color: initial; display: inline !important; float: none;\"></span><p><span style=\"color: rgb(0, 0, 0); font-family: &quot;Open Sans&quot;, Arial, sans-serif; font-size: 14px; font-style: normal; font-variant-ligatures: normal; font-variant-caps: normal; font-weight: 400; letter-spacing: normal; orphans: 2; text-align: justify; text-indent: 0px; text-transform: none; white-space: normal; widows: 2; word-spacing: 0px; -webkit-text-stroke-width: 0px; background-color: rgb(255, 255, 255); text-decoration-style: initial; text-decoration-color: initial; display: inline !important; float: none;\"><br></span><br></p></td><td><p></p><p>I<span style=\"color: rgb(0, 0, 0); font-family: &quot;Open Sans&quot;, Arial, sans-serif; font-size: 14px; font-style: normal; font-variant-ligatures: normal; font-variant-caps: normal; font-weight: 400; letter-spacing: normal; orphans: 2; text-align: justify; text-indent: 0px; text-transform: none; white-space: normal; widows: 2; word-spacing: 0px; -webkit-text-stroke-width: 0px; background-color: rgb(255, 255, 255); text-decoration-style: initial; text-decoration-color: initial; display: inline !important; float: none;\">t is a long established fact that a reader will be distracted by the readable content of a page when looking at its layout. The point of using Lorem Ipsum is that it has a more-or-less normal distribution of letters, as opposed to using \'Content here, content here\', making it look like readable English. Many desktop publishing packages and web page editors now use Lorem Ipsum as their default model text, and a search for \'lorem ipsum\' will uncover many web sites still in their infancy. Various versions have evolved over the years, sometimes by accident, sometimes on purpose.</span></p><span style=\"color: rgb(0, 0, 0); font-family: &quot;Open Sans&quot;, Arial, sans-serif; font-size: 14px; font-style: normal; font-variant-ligatures: normal; font-variant-caps: normal; font-weight: 400; letter-spacing: normal; orphans: 2; text-align: justify; text-indent: 0px; text-transform: none; white-space: normal; widows: 2; word-spacing: 0px; -webkit-text-stroke-width: 0px; background-color: rgb(255, 255, 255); text-decoration-style: initial; text-decoration-color: initial; display: inline !important; float: none;\"></span><br><span style=\"color: rgb(0, 0, 0); font-family: &quot;Open Sans&quot;, Arial, sans-serif; font-size: 14px; font-style: normal; font-variant-ligatures: normal; font-variant-caps: normal; font-weight: 400; letter-spacing: normal; orphans: 2; text-align: justify; text-indent: 0px; text-transform: none; white-space: normal; widows: 2; word-spacing: 0px; -webkit-text-stroke-width: 0px; background-color: rgb(255, 255, 255); text-decoration-style: initial; text-decoration-color: initial; display: inline !important; float: none;\"></span><p><span style=\"color: rgb(0, 0, 0); font-family: &quot;Open Sans&quot;, Arial, sans-serif; font-size: 14px; font-style: normal; font-variant-ligatures: normal; font-variant-caps: normal; font-weight: 400; letter-spacing: normal; orphans: 2; text-align: justify; text-indent: 0px; text-transform: none; white-space: normal; widows: 2; word-spacing: 0px; -webkit-text-stroke-width: 0px; background-color: rgb(255, 255, 255); text-decoration-style: initial; text-decoration-color: initial; display: inline !important; float: none;\"><br></span><br></p><p></p></td></tr><tr><td>deleted_at</td><td></td><td></td></tr></tbody></table>',1,'2019-10-29 07:26:18',NULL),(134,'127.0.0.1','Mozilla/5.0 (X11; Ubuntu; Linux x86_64; rv:70.0) Gecko/20100101 Firefox/70.0','http://localhost/step-app/public/admin/content_pages/edit-save/3','Update data FAQ at Content Management','<table class=\"table table-striped\"><thead><tr><th>Key</th><th>Old Value</th><th>New Value</th></thead><tbody><tr><td>content</td><td><p></p><p>I<span style=\"color: rgb(0, 0, 0); font-family: &quot;Open Sans&quot;, Arial, sans-serif; font-size: 14px; font-style: normal; font-variant-ligatures: normal; font-variant-caps: normal; font-weight: 400; letter-spacing: normal; orphans: 2; text-align: justify; text-indent: 0px; text-transform: none; white-space: normal; widows: 2; word-spacing: 0px; -webkit-text-stroke-width: 0px; background-color: rgb(255, 255, 255); text-decoration-style: initial; text-decoration-color: initial; display: inline !important; float: none;\">t is a long established fact that a reader will be distracted by the readable content of a page when looking at its layout. The point of using Lorem Ipsum is that it has a more-or-less normal distribution of letters, as opposed to using \'Content here, content here\', making it look like readable English. Many desktop publishing packages and web page editors now use Lorem Ipsum as their default model text, and a search for \'lorem ipsum\' will uncover many web sites still in their infancy. Various versions have evolved over the years, sometimes by accident, sometimes on purpose.</span></p><span style=\"color: rgb(0, 0, 0); font-family: &quot;Open Sans&quot;, Arial, sans-serif; font-size: 14px; font-style: normal; font-variant-ligatures: normal; font-variant-caps: normal; font-weight: 400; letter-spacing: normal; orphans: 2; text-align: justify; text-indent: 0px; text-transform: none; white-space: normal; widows: 2; word-spacing: 0px; -webkit-text-stroke-width: 0px; background-color: rgb(255, 255, 255); text-decoration-style: initial; text-decoration-color: initial; display: inline !important; float: none;\"></span><br><span style=\"color: rgb(0, 0, 0); font-family: &quot;Open Sans&quot;, Arial, sans-serif; font-size: 14px; font-style: normal; font-variant-ligatures: normal; font-variant-caps: normal; font-weight: 400; letter-spacing: normal; orphans: 2; text-align: justify; text-indent: 0px; text-transform: none; white-space: normal; widows: 2; word-spacing: 0px; -webkit-text-stroke-width: 0px; background-color: rgb(255, 255, 255); text-decoration-style: initial; text-decoration-color: initial; display: inline !important; float: none;\"></span><p><span style=\"color: rgb(0, 0, 0); font-family: &quot;Open Sans&quot;, Arial, sans-serif; font-size: 14px; font-style: normal; font-variant-ligatures: normal; font-variant-caps: normal; font-weight: 400; letter-spacing: normal; orphans: 2; text-align: justify; text-indent: 0px; text-transform: none; white-space: normal; widows: 2; word-spacing: 0px; -webkit-text-stroke-width: 0px; background-color: rgb(255, 255, 255); text-decoration-style: initial; text-decoration-color: initial; display: inline !important; float: none;\"><br></span><br></p><p></p></td><td><p></p><p>I<span style=\"color: rgb(0, 0, 0); font-family: &quot;Open Sans&quot;, Arial, sans-serif; font-size: 14px; font-style: normal; font-variant-ligatures: normal; font-variant-caps: normal; font-weight: 400; letter-spacing: normal; orphans: 2; text-align: justify; text-indent: 0px; text-transform: none; white-space: normal; widows: 2; word-spacing: 0px; -webkit-text-stroke-width: 0px; background-color: rgb(255, 255, 255); text-decoration-style: initial; text-decoration-color: initial; display: inline !important; float: none;\">t is a long established fact that a reader will be distracted by the readable content of a page when looking at its layout. The point of using Lorem Ipsum is that it has a more-or-less normal distribution of letters, as opposed to using \'Content here, content here\', making it look like readable English. Many desktop publishing packages and web page editors now use Lorem Ipsum as their default model text, and a search for \'lorem ipsum\' will uncover many web sites still in their infancy. Various versions have evolved over the years, sometimes by accident, sometimes on purpose.</span></p><p><span style=\"color: rgb(0, 0, 0); font-family: &quot;Open Sans&quot;, Arial, sans-serif; font-size: 14px; font-style: normal; font-variant-ligatures: normal; font-variant-caps: normal; font-weight: 400; letter-spacing: normal; orphans: 2; text-align: justify; text-indent: 0px; text-transform: none; white-space: normal; widows: 2; word-spacing: 0px; -webkit-text-stroke-width: 0px; background-color: rgb(255, 255, 255); text-decoration-style: initial; text-decoration-color: initial; display: inline !important; float: none;\"><br></span></p><p><span style=\"color: rgb(0, 0, 0); font-family: &quot;Open Sans&quot;, Arial, sans-serif; font-size: 14px; font-style: normal; font-variant-ligatures: normal; font-variant-caps: normal; font-weight: 400; letter-spacing: normal; orphans: 2; text-align: justify; text-indent: 0px; text-transform: none; white-space: normal; widows: 2; word-spacing: 0px; -webkit-text-stroke-width: 0px; background-color: rgb(255, 255, 255); text-decoration-style: initial; text-decoration-color: initial; display: inline !important; float: none;\">t\r\n is a long established fact that a reader will be distracted by the \r\nreadable content of a page when looking at its layout. The point of \r\nusing Lorem Ipsum is that it has a more-or-less normal distribution of \r\nletters, as opposed to using \'Content here, content here\', making it \r\nlook like readable English. Many desktop publishing packages and web \r\npage editors now use Lorem Ipsum as their default model text, and a \r\nsearch for \'lorem ipsum\' will uncover many web sites still in their \r\ninfancy. Various versions have evolved over the years, sometimes by \r\naccident, sometimes on purpose.</span></p><p><span style=\"color: rgb(0, 0, 0); font-family: &quot;Open Sans&quot;, Arial, sans-serif; font-size: 14px; font-style: normal; font-variant-ligatures: normal; font-variant-caps: normal; font-weight: 400; letter-spacing: normal; orphans: 2; text-align: justify; text-indent: 0px; text-transform: none; white-space: normal; widows: 2; word-spacing: 0px; -webkit-text-stroke-width: 0px; background-color: rgb(255, 255, 255); text-decoration-style: initial; text-decoration-color: initial; display: inline !important; float: none;\"><br></span></p><p><span style=\"color: rgb(0, 0, 0); font-family: &quot;Open Sans&quot;, Arial, sans-serif; font-size: 14px; font-style: normal; font-variant-ligatures: normal; font-variant-caps: normal; font-weight: 400; letter-spacing: normal; orphans: 2; text-align: justify; text-indent: 0px; text-transform: none; white-space: normal; widows: 2; word-spacing: 0px; -webkit-text-stroke-width: 0px; background-color: rgb(255, 255, 255); text-decoration-style: initial; text-decoration-color: initial; display: inline !important; float: none;\">t\r\n is a long established fact that a reader will be distracted by the \r\nreadable content of a page when looking at its layout. The point of \r\nusing Lorem Ipsum is that it has a more-or-less normal distribution of \r\nletters, as opposed to using \'Content here, content here\', making it \r\nlook like readable English. Many desktop publishing packages and web \r\npage editors now use Lorem Ipsum as their default model text, and a \r\nsearch for \'lorem ipsum\' will uncover many web sites still in their \r\ninfancy. Various versions have evolved over the years, sometimes by \r\naccident, sometimes on purpose.</span>I<span style=\"color: rgb(0, 0, 0); font-family: &quot;Open Sans&quot;, Arial, sans-serif; font-size: 14px; font-style: normal; font-variant-ligatures: normal; font-variant-caps: normal; font-weight: 400; letter-spacing: normal; orphans: 2; text-align: justify; text-indent: 0px; text-transform: none; white-space: normal; widows: 2; word-spacing: 0px; -webkit-text-stroke-width: 0px; background-color: rgb(255, 255, 255); text-decoration-style: initial; text-decoration-color: initial; display: inline !important; float: none;\"><br></span>I<span style=\"color: rgb(0, 0, 0); font-family: &quot;Open Sans&quot;, Arial, sans-serif; font-size: 14px; font-style: normal; font-variant-ligatures: normal; font-variant-caps: normal; font-weight: 400; letter-spacing: normal; orphans: 2; text-align: justify; text-indent: 0px; text-transform: none; white-space: normal; widows: 2; word-spacing: 0px; -webkit-text-stroke-width: 0px; background-color: rgb(255, 255, 255); text-decoration-style: initial; text-decoration-color: initial; display: inline !important; float: none;\"><br></span></p><p><span style=\"color: rgb(0, 0, 0); font-family: &quot;Open Sans&quot;, Arial, sans-serif; font-size: 14px; font-style: normal; font-variant-ligatures: normal; font-variant-caps: normal; font-weight: 400; letter-spacing: normal; orphans: 2; text-align: justify; text-indent: 0px; text-transform: none; white-space: normal; widows: 2; word-spacing: 0px; -webkit-text-stroke-width: 0px; background-color: rgb(255, 255, 255); text-decoration-style: initial; text-decoration-color: initial; display: inline !important; float: none;\"><br></span></p><p><span style=\"color: rgb(0, 0, 0); font-family: &quot;Open Sans&quot;, Arial, sans-serif; font-size: 14px; font-style: normal; font-variant-ligatures: normal; font-variant-caps: normal; font-weight: 400; letter-spacing: normal; orphans: 2; text-align: justify; text-indent: 0px; text-transform: none; white-space: normal; widows: 2; word-spacing: 0px; -webkit-text-stroke-width: 0px; background-color: rgb(255, 255, 255); text-decoration-style: initial; text-decoration-color: initial; display: inline !important; float: none;\"><br></span></p><span style=\"color: rgb(0, 0, 0); font-family: &quot;Open Sans&quot;, Arial, sans-serif; font-size: 14px; font-style: normal; font-variant-ligatures: normal; font-variant-caps: normal; font-weight: 400; letter-spacing: normal; orphans: 2; text-align: justify; text-indent: 0px; text-transform: none; white-space: normal; widows: 2; word-spacing: 0px; -webkit-text-stroke-width: 0px; background-color: rgb(255, 255, 255); text-decoration-style: initial; text-decoration-color: initial; display: inline !important; float: none;\"></span><br><span style=\"color: rgb(0, 0, 0); font-family: &quot;Open Sans&quot;, Arial, sans-serif; font-size: 14px; font-style: normal; font-variant-ligatures: normal; font-variant-caps: normal; font-weight: 400; letter-spacing: normal; orphans: 2; text-align: justify; text-indent: 0px; text-transform: none; white-space: normal; widows: 2; word-spacing: 0px; -webkit-text-stroke-width: 0px; background-color: rgb(255, 255, 255); text-decoration-style: initial; text-decoration-color: initial; display: inline !important; float: none;\"></span><p><span style=\"color: rgb(0, 0, 0); font-family: &quot;Open Sans&quot;, Arial, sans-serif; font-size: 14px; font-style: normal; font-variant-ligatures: normal; font-variant-caps: normal; font-weight: 400; letter-spacing: normal; orphans: 2; text-align: justify; text-indent: 0px; text-transform: none; white-space: normal; widows: 2; word-spacing: 0px; -webkit-text-stroke-width: 0px; background-color: rgb(255, 255, 255); text-decoration-style: initial; text-decoration-color: initial; display: inline !important; float: none;\"><br></span><br></p><p></p></td></tr><tr><td>deleted_at</td><td></td><td></td></tr></tbody></table>',1,'2019-10-29 07:27:28',NULL),(135,'127.0.0.1','Mozilla/5.0 (X11; Ubuntu; Linux x86_64; rv:70.0) Gecko/20100101 Firefox/70.0','http://localhost/step-app/public/admin/courses/delete-image','Delete the image of Listening at Courses','',1,'2019-10-29 11:15:50',NULL),(136,'127.0.0.1','Mozilla/5.0 (X11; Ubuntu; Linux x86_64; rv:70.0) Gecko/20100101 Firefox/70.0','http://localhost/step-app/public/admin/courses/edit-save/1','Update data Listening at Courses','<table class=\"table table-striped\"><thead><tr><th>Key</th><th>Old Value</th><th>New Value</th></thead><tbody><tr><td>icon</td><td></td><td>uploads/1/2019-10/listening.png</td></tr><tr><td>deleted_at</td><td></td><td></td></tr></tbody></table>',1,'2019-10-29 11:16:12',NULL),(137,'127.0.0.1','Mozilla/5.0 (X11; Ubuntu; Linux x86_64; rv:70.0) Gecko/20100101 Firefox/70.0','http://localhost/step-app/public/admin/courses/delete-image','Delete the image of Listening at Courses','',1,'2019-10-29 11:19:22',NULL),(138,'127.0.0.1','Mozilla/5.0 (X11; Ubuntu; Linux x86_64; rv:70.0) Gecko/20100101 Firefox/70.0','http://localhost/step-app/public/admin/courses/edit-save/1','Update data Listening at Courses','<table class=\"table table-striped\"><thead><tr><th>Key</th><th>Old Value</th><th>New Value</th></thead><tbody><tr><td>icon</td><td></td><td>uploads/1/2019-10/listening.png</td></tr><tr><td>deleted_at</td><td></td><td></td></tr></tbody></table>',1,'2019-10-29 11:20:07',NULL),(139,'127.0.0.1','Mozilla/5.0 (X11; Ubuntu; Linux x86_64; rv:70.0) Gecko/20100101 Firefox/70.0','http://localhost/step-app/public/admin/courses/delete-image','Delete the image of Listening at Courses','',1,'2019-10-29 13:50:25',NULL),(140,'127.0.0.1','Mozilla/5.0 (X11; Ubuntu; Linux x86_64; rv:70.0) Gecko/20100101 Firefox/70.0','http://localhost/step-app/public/admin/courses/edit-save/1','Update data Listening at Courses','<table class=\"table table-striped\"><thead><tr><th>Key</th><th>Old Value</th><th>New Value</th></thead><tbody><tr><td>icon</td><td></td><td>uploads/1/2019-10/listening.png</td></tr><tr><td>deleted_at</td><td></td><td></td></tr></tbody></table>',1,'2019-10-29 13:50:33',NULL),(141,'127.0.0.1','Mozilla/5.0 (X11; Ubuntu; Linux x86_64; rv:70.0) Gecko/20100101 Firefox/70.0','http://localhost/step-app/public/admin/login','devs@stepapp.com login with IP Address 127.0.0.1','',1,'2019-10-30 06:53:23',NULL),(142,'127.0.0.1','Mozilla/5.0 (X11; Ubuntu; Linux x86_64; rv:70.0) Gecko/20100101 Firefox/70.0','http://localhost/step-app/public/admin/login','devs@stepapp.com login with IP Address 127.0.0.1','',1,'2019-10-31 06:53:16',NULL),(143,'127.0.0.1','Mozilla/5.0 (X11; Ubuntu; Linux x86_64; rv:70.0) Gecko/20100101 Firefox/70.0','http://localhost/step-app/public/admin/courses/edit-save/5','Update data Grammar at Courses','<table class=\"table table-striped\"><thead><tr><th>Key</th><th>Old Value</th><th>New Value</th></thead><tbody><tr><td>icon</td><td>uploads/1/2019-10/icon.png</td><td></td></tr></tbody></table>',1,'2019-10-31 06:53:25',NULL),(144,'127.0.0.1','Mozilla/5.0 (X11; Ubuntu; Linux x86_64; rv:70.0) Gecko/20100101 Firefox/70.0','http://localhost/step-app/public/admin/courses/edit-save/4','Update data Reading at Courses','<table class=\"table table-striped\"><thead><tr><th>Key</th><th>Old Value</th><th>New Value</th></thead><tbody><tr><td>icon</td><td>uploads/1/2019-10/icon.png</td><td></td></tr></tbody></table>',1,'2019-10-31 06:53:37',NULL),(145,'127.0.0.1','Mozilla/5.0 (X11; Ubuntu; Linux x86_64; rv:70.0) Gecko/20100101 Firefox/70.0','http://localhost/step-app/public/admin/courses/edit-save/3','Update data Writing at Courses','<table class=\"table table-striped\"><thead><tr><th>Key</th><th>Old Value</th><th>New Value</th></thead><tbody><tr><td>icon</td><td>uploads/1/2019-10/icon.png</td><td></td></tr></tbody></table>',1,'2019-10-31 06:53:42',NULL),(146,'127.0.0.1','Mozilla/5.0 (X11; Ubuntu; Linux x86_64; rv:70.0) Gecko/20100101 Firefox/70.0','http://localhost/step-app/public/admin/courses/edit-save/2','Update data Vocabulary at Courses','<table class=\"table table-striped\"><thead><tr><th>Key</th><th>Old Value</th><th>New Value</th></thead><tbody><tr><td>icon</td><td>uploads/1/2019-10/icon.png</td><td></td></tr></tbody></table>',1,'2019-10-31 06:53:46',NULL),(147,'127.0.0.1','Mozilla/5.0 (X11; Ubuntu; Linux x86_64; rv:70.0) Gecko/20100101 Firefox/70.0','http://localhost/step-app/public/admin/courses/edit-save/1','Update data Listening at Courses','<table class=\"table table-striped\"><thead><tr><th>Key</th><th>Old Value</th><th>New Value</th></thead><tbody><tr><td>deleted_at</td><td></td><td></td></tr></tbody></table>',1,'2019-10-31 06:53:50',NULL),(148,'127.0.0.1','Mozilla/5.0 (X11; Ubuntu; Linux x86_64; rv:70.0) Gecko/20100101 Firefox/70.0','http://localhost/step-app/public/admin/courses/edit-save/1','Update data Listening at Courses','<table class=\"table table-striped\"><thead><tr><th>Key</th><th>Old Value</th><th>New Value</th></thead><tbody><tr><td>deleted_at</td><td></td><td></td></tr></tbody></table>',1,'2019-10-31 06:53:54',NULL),(149,'127.0.0.1','Mozilla/5.0 (X11; Ubuntu; Linux x86_64; rv:70.0) Gecko/20100101 Firefox/70.0','http://localhost/step-app/public/admin/courses/delete-image','Delete the image of Listening at Courses','',1,'2019-10-31 06:54:00',NULL),(150,'127.0.0.1','Mozilla/5.0 (X11; Ubuntu; Linux x86_64; rv:70.0) Gecko/20100101 Firefox/70.0','http://localhost/step-app/public/admin/courses/edit-save/1','Update data Listening at Courses','<table class=\"table table-striped\"><thead><tr><th>Key</th><th>Old Value</th><th>New Value</th></thead><tbody><tr><td>icon</td><td></td><td>uploads/1/2019-10/compress_0_0_1563255436.jpg</td></tr><tr><td>deleted_at</td><td></td><td></td></tr></tbody></table>',1,'2019-10-31 06:54:12',NULL),(151,'127.0.0.1','Mozilla/5.0 (X11; Ubuntu; Linux x86_64; rv:70.0) Gecko/20100101 Firefox/70.0','http://localhost/step-app/public/admin/lessons/edit-save/15','Update data Introduction at Lessons','<table class=\"table table-striped\"><thead><tr><th>Key</th><th>Old Value</th><th>New Value</th></thead><tbody><tr><td>title</td><td>fasfd</td><td>Introduction</td></tr><tr><td>overview</td><td>asdf</td><td>It is a long established fact that a reader will be distracted by the readable content of a page when looking at its layout. The point of using Lorem Ipsum is that it has a more-or-less normal distribution of letters</td></tr><tr><td>content</td><td><p>fasdfa</p></td><td><p>t is a long established fact that a reader will be distracted by the \r\nreadable content of a page when looking at its layout. The point of \r\nusing Lorem Ipsum is that it has a more-or-less normal distribution of \r\nletters</p><p>t is a long established fact that a reader will be distracted by the \r\nreadable content of a page when looking at its layout. The point of \r\nusing Lorem Ipsum is that it has a more-or-less normal distribution of \r\nletters<br></p><p>t is a long established fact that a reader will be distracted by the \r\nreadable content of a page when looking at its layout. The point of \r\nusing Lorem Ipsum is that it has a more-or-less normal distribution of \r\nletters<br></p></td></tr><tr><td>deleted_at</td><td></td><td></td></tr></tbody></table>',1,'2019-10-31 07:44:22',NULL),(152,'127.0.0.1','Mozilla/5.0 (X11; Ubuntu; Linux x86_64; rv:70.0) Gecko/20100101 Firefox/70.0','http://localhost/step-app/public/admin/lessons/edit-save/14','Update data Listening Lesson at Lessons','<table class=\"table table-striped\"><thead><tr><th>Key</th><th>Old Value</th><th>New Value</th></thead><tbody><tr><td>overview</td><td>Overview here</td><td>There are many variations of passages of Lorem Ipsum available, but the majority have suffered alteration in some form, by injected humour, or randomised words which don\'t look even slightly believable. If you are going to use a passage of Lorem Ipsum</td></tr><tr><td>content</td><td><p>Content here</p></td><td><p><p>There are many variations of passages of Lorem Ipsum available, but the \r\nmajority have suffered alteration in some form, by injected humour, or \r\nrandomised words which don\'t look even slightly believable. If you are \r\ngoing to use a passage of Lorem Ipsum.</p><p>There are many variations of passages of Lorem Ipsum available, but the \r\nmajority have suffered alteration in some form, by injected humour, or \r\nrandomised words which don\'t look even slightly believable. If you are \r\ngoing to use a passage of Lorem IpsumThere are many variations of passages of Lorem Ipsum available, but the \r\nmajority have suffered alteration in some form, by injected humour, or \r\nrandomised words which don\'t look even slightly believable. If you are \r\ngoing to use a passage of Lorem Ipsum<br></p><hr></p></td></tr></tbody></table>',1,'2019-10-31 07:44:58',NULL),(153,'127.0.0.1','Mozilla/5.0 (X11; Ubuntu; Linux x86_64; rv:70.0) Gecko/20100101 Firefox/70.0','http://localhost/step-app/public/admin/lessons/edit-save/2','Update data Introduction at Lessons','<table class=\"table table-striped\"><thead><tr><th>Key</th><th>Old Value</th><th>New Value</th></thead><tbody><tr><td>title</td><td>dfasfsdf</td><td>Introduction</td></tr><tr><td>overview</td><td>dfasfdsf</td><td>There are many variations of passages of Lorem Ipsum available, but the majority have suffered alteration in some form, by injected humour, or randomised words which don\'t look even slightly believable. If you are going to use a passage of Lorem Ipsum</td></tr><tr><td>content</td><td><p>fdsfasf</p></td><td><p>There are many variations of passages of Lorem Ipsum available, but the \r\nmajority have suffered alteration in some form, by injected humour, or \r\nrandomised words which don\'t look even slightly believable. If you are \r\ngoing to use a passage of Lorem Ipsum.</p><p><br></p><p>There are many variations of passages of Lorem Ipsum available, but the \r\nmajority have suffered alteration in some form, by injected humour, or \r\nrandomised words which don\'t look even slightly believable. If you are \r\ngoing to use a passage of Lorem Ipsum<br></p></td></tr></tbody></table>',1,'2019-10-31 07:45:28',NULL),(154,'127.0.0.1','Mozilla/5.0 (X11; Ubuntu; Linux x86_64; rv:70.0) Gecko/20100101 Firefox/70.0','http://localhost/step-app/public/admin/lessons/edit-save/1','Update data Grammar Lesson 1 at Lessons','<table class=\"table table-striped\"><thead><tr><th>Key</th><th>Old Value</th><th>New Value</th></thead><tbody><tr><td>content</td><td><div style=\"margin: 0px 14.3906px 0px 28.7969px; padding: 0px; width: 436.797px; float: left; font-family: &quot;Open Sans&quot;, Arial, sans-serif;\"><h2 style=\"margin-top: 0px; margin-right: 0px; margin-left: 0px; padding: 0px; line-height: 24px; font-family: DauphinPlain; font-size: 24px;\">What is Lorem Ipsum?</h2><p style=\"margin-bottom: 15px; padding: 0px; text-align: justify;\"><strong style=\"margin: 0px; padding: 0px;\">Lorem Ipsum</strong>&nbsp;is simply dummy text of the printing and typesetting industry. Lorem Ipsum has been the industry\'s standard dummy text ever since the 1500s, when an unknown printer took a galley of type and scrambled it to make a type specimen book. It has survived not only five centuries, but also the leap into electronic typesetting, remaining essentially unchanged. It was popularised in the 1960s with the release of Letraset sheets containing Lorem Ipsum passages, and more recently with desktop publishing software like Aldus PageMaker including versions of Lorem Ipsum.</p></div><div style=\"margin: 0px 28.7969px 0px 14.3906px; padding: 0px; width: 436.797px; float: right; font-family: &quot;Open Sans&quot;, Arial, sans-serif;\"><h2 style=\"margin-top: 0px; margin-right: 0px; margin-left: 0px; padding: 0px; line-height: 24px; font-family: DauphinPlain; font-size: 24px;\">Why do we use it?</h2><p style=\"margin-bottom: 15px; padding: 0px; text-align: justify;\">It is a long established fact that a reader will be distracted by the readable content of a page when looking at its layout. The point of using Lorem Ipsum is that it has a more-or-less normal distribution of letters, as opposed to using \'Content here, content here\', making it look like readable English. Many desktop publishing packages and web page editors now use Lorem Ipsum as their default model text, and a search for \'lorem ipsum\' will uncover many web sites still in their infancy. Various versions have evolved over the years, sometimes by accident, sometimes on purpose (injected humour and the like).</p></div><p><br style=\"margin: 0px; padding: 0px; clear: both; font-family: &quot;Open Sans&quot;, Arial, sans-serif; text-align: center;\"></p><div style=\"margin: 0px 14.3906px 0px 28.7969px; padding: 0px; width: 436.797px; float: left; font-family: &quot;Open Sans&quot;, Arial, sans-serif;\"><h2 style=\"margin-top: 0px; margin-right: 0px; margin-left: 0px; padding: 0px; line-height: 24px; font-family: DauphinPlain; font-size: 24px;\">Where does it come from?</h2><p style=\"margin-bottom: 15px; padding: 0px; text-align: justify;\">Contrary to popular belief, Lorem Ipsum is not simply random text. It has roots in a piece of classical Latin literature from 45 BC, making it over 2000 years old. Richard McClintock, a Latin professor at Hampden-Sydney College in Virginia, looked up one of the more obscure Latin words, consectetur, from a Lorem Ipsum passage, and going through the cites of the word in classical literature, discovered the undoubtable source. Lorem Ipsum comes from sections 1.10.32 and 1.10.33 of \"de Finibus Bonorum et Malorum\" (The Extremes of Good and Evil) by Cicero, written in 45 BC. This book is a treatise on the theory of ethics, very popular during the Renaissance. The first line of Lorem Ipsum, \"Lorem ipsum dolor sit amet..\", comes from a line in section 1.10.32.</p><p style=\"margin-bottom: 15px; padding: 0px; text-align: justify;\">The standard chunk of Lorem Ipsum used since the 1500s is reproduced below for those interested. Sections 1.10.32 and 1.10.33 from \"de Finibus Bonorum et Malorum\" by Cicero are also reproduced in their exact original form, accompanied by English versions from the 1914 translation by H. Rackham.</p></div><div style=\"margin: 0px 28.7969px 0px 14.3906px; padding: 0px; width: 436.797px; float: right; font-family: &quot;Open Sans&quot;, Arial, sans-serif;\"><h2 style=\"margin-top: 0px; margin-right: 0px; margin-left: 0px; padding: 0px; line-height: 24px; font-family: DauphinPlain; font-size: 24px;\">Where can I get some?</h2><p style=\"margin-bottom: 15px; padding: 0px; text-align: justify;\">There are many variations of passages of Lorem Ipsum available, but the majority have suffered alteration in some form, by injected humour, or randomised words which don\'t look even slightly believable. If you are going to use a passage of Lorem Ipsum, you need to be sure there isn\'t anything embarrassing hidden in the middle of text. All the Lorem Ipsum generators on the Internet tend to repeat predefined chunks as necessary, making this the first true generator on the Internet. It uses a dictionary of over 200 Latin words, combined with a handful of model sentence structures, to generate Lorem Ipsum which looks reasonable. The generated Lorem Ipsum is therefore always free from repetition, injected humour, or non-characteristic words etc.</p></div></td><td><p><strong>Lorem Ipsum</strong> is simply dummy text of the printing and \r\ntypesetting industry. Lorem Ipsum has been the industry\'s standard dummy\r\n text ever since the 1500s, when an unknown printer took a galley of \r\ntype and scrambled it to make a type specimen book. It has survived not \r\nonly five centuries, but also the leap into electronic typesetting, \r\nremaining essentially unchanged. It was popularised in the 1960s with \r\nthe release of Letraset sheets containing Lorem Ipsum passages, and more\r\n recently with desktop publishing software like Aldus PageMaker \r\nincluding versions of Lorem Ipsum.</p><p><br></p><p><strong>Lorem Ipsum</strong> is simply dummy text of the printing and \r\ntypesetting industry. Lorem Ipsum has been the industry\'s standard dummy\r\n text ever since the 1500s, when an unknown printer took a galley of \r\ntype and scrambled it to make a type specimen book. It has survived not \r\nonly five centuries, but also the leap into electronic typesetting, \r\nremaining essentially unchanged. It was popularised in the 1960s with \r\nthe release of Letraset sheets containing Lorem Ipsum passages, and more\r\n recently with desktop publishing software like Aldus PageMaker \r\nincluding versions of Lorem Ipsum.</p><p><strong>Lorem Ipsum</strong> is simply dummy text of the printing and \r\ntypesetting industry. Lorem Ipsum has been the industry\'s standard dummy\r\n text ever since the 1500s, when an unknown printer took a galley of \r\ntype and scrambled it to make a type specimen book. It has survived not \r\nonly five centuries, but also the leap into electronic typesetting, \r\nremaining essentially unchanged. It was popularised in the 1960s with \r\nthe release of Letraset sheets containing Lorem Ipsum passages, and more\r\n recently with desktop publishing software like Aldus PageMaker \r\nincluding versions of Lorem Ipsum.</p><p><br></p><p><strong>Lorem Ipsum</strong> is simply dummy text of the printing and \r\ntypesetting industry. Lorem Ipsum has been the industry\'s standard dummy\r\n text ever since the 1500s, when an unknown printer took a galley of \r\ntype and scrambled it to make a type specimen book. It has survived not \r\nonly five centuries, but also the leap into electronic typesetting, \r\nremaining essentially unchanged. It was popularised in the 1960s with \r\nthe release of Letraset sheets containing Lorem Ipsum passages, and more\r\n recently with desktop publishing software like Aldus PageMaker \r\nincluding versions of Lorem Ipsum.<br></p></td></tr></tbody></table>',1,'2019-10-31 07:47:02',NULL),(155,'127.0.0.1','Mozilla/5.0 (X11; Ubuntu; Linux x86_64; rv:70.0) Gecko/20100101 Firefox/70.0','http://localhost/step-app/public/admin/courses/delete-image','Delete the image of Listening at Courses','',1,'2019-10-31 08:11:39',NULL),(156,'127.0.0.1','Mozilla/5.0 (X11; Ubuntu; Linux x86_64; rv:70.0) Gecko/20100101 Firefox/70.0','http://localhost/step-app/public/admin/courses/edit-save/1','Update data Listening at Courses','<table class=\"table table-striped\"><thead><tr><th>Key</th><th>Old Value</th><th>New Value</th></thead><tbody><tr><td>icon</td><td></td><td>uploads/1/2019-10/cart_empty.png</td></tr><tr><td>deleted_at</td><td></td><td></td></tr></tbody></table>',1,'2019-10-31 08:12:03',NULL),(157,'127.0.0.1','Mozilla/5.0 (X11; Ubuntu; Linux x86_64; rv:70.0) Gecko/20100101 Firefox/70.0','http://localhost/step-app/public/admin/courses/delete-image','Delete the image of Listening at Courses','',1,'2019-10-31 08:18:05',NULL),(158,'127.0.0.1','Mozilla/5.0 (X11; Ubuntu; Linux x86_64; rv:70.0) Gecko/20100101 Firefox/70.0','http://localhost/step-app/public/admin/courses/edit-save/1','Update data Listening at Courses','<table class=\"table table-striped\"><thead><tr><th>Key</th><th>Old Value</th><th>New Value</th></thead><tbody><tr><td>icon</td><td></td><td>uploads/1/2019-10/listening.png</td></tr><tr><td>deleted_at</td><td></td><td></td></tr></tbody></table>',1,'2019-10-31 08:18:14',NULL),(159,'127.0.0.1','Mozilla/5.0 (X11; Ubuntu; Linux x86_64; rv:70.0) Gecko/20100101 Firefox/70.0','http://localhost/step-app/public/admin/courses/delete-image','Delete the image of Listening at Courses','',1,'2019-10-31 08:19:08',NULL),(160,'127.0.0.1','Mozilla/5.0 (X11; Ubuntu; Linux x86_64; rv:70.0) Gecko/20100101 Firefox/70.0','http://localhost/step-app/public/admin/courses/edit-save/1','Update data Listening at Courses','<table class=\"table table-striped\"><thead><tr><th>Key</th><th>Old Value</th><th>New Value</th></thead><tbody><tr><td>icon</td><td></td><td>uploads/1/2019-10/compress_0_0_1563255436.jpg</td></tr><tr><td>deleted_at</td><td></td><td></td></tr></tbody></table>',1,'2019-10-31 08:19:14',NULL),(161,'127.0.0.1','Mozilla/5.0 (X11; Ubuntu; Linux x86_64; rv:70.0) Gecko/20100101 Firefox/70.0','http://localhost/step-app/public/admin/courses/delete-image','Delete the image of Listening at Courses','',1,'2019-10-31 08:21:46',NULL),(162,'127.0.0.1','Mozilla/5.0 (X11; Ubuntu; Linux x86_64; rv:70.0) Gecko/20100101 Firefox/70.0','http://localhost/step-app/public/admin/courses/edit-save/1','Update data Listening at Courses','<table class=\"table table-striped\"><thead><tr><th>Key</th><th>Old Value</th><th>New Value</th></thead><tbody><tr><td>icon</td><td></td><td>uploads/1/2019-10/compress_0_0_1563255436.jpg</td></tr><tr><td>deleted_at</td><td></td><td></td></tr></tbody></table>',1,'2019-10-31 08:21:58',NULL),(163,'127.0.0.1','Mozilla/5.0 (X11; Ubuntu; Linux x86_64; rv:70.0) Gecko/20100101 Firefox/70.0','http://localhost/step-app/public/admin/lessons/edit-save/15','Update data fasfd at Lessons','<table class=\"table table-striped\"><thead><tr><th>Key</th><th>Old Value</th><th>New Value</th></thead><tbody><tr><td>title</td><td>Introduction</td><td>fasfd</td></tr><tr><td>overview</td><td>It is a long established fact that a reader will be distracted by the readable content of a page when looking at its layout. The point of using Lorem Ipsum is that it has a more-or-less normal distribution of letters</td><td>Lorem Ipsum is simply dummy text of the printing and typesetting industry. Lorem Ipsum has been the industry\'s standard dummy text ever since the 1500s, when an unknown printer took a galley of type and scrambled it to make a type specimen book. It has su</td></tr><tr><td>content</td><td><p>t is a long established fact that a reader will be distracted by the \r\nreadable content of a page when looking at its layout. The point of \r\nusing Lorem Ipsum is that it has a more-or-less normal distribution of \r\nletters</p><p>t is a long established fact that a reader will be distracted by the \r\nreadable content of a page when looking at its layout. The point of \r\nusing Lorem Ipsum is that it has a more-or-less normal distribution of \r\nletters<br></p><p>t is a long established fact that a reader will be distracted by the \r\nreadable content of a page when looking at its layout. The point of \r\nusing Lorem Ipsum is that it has a more-or-less normal distribution of \r\nletters<br></p></td><td><p><strong>Lorem Ipsum</strong> is simply dummy text of the printing and \r\ntypesetting industry. Lorem Ipsum has been the industry\'s standard dummy\r\n text ever since the 1500s, when an unknown printer took a galley of \r\ntype and scrambled it to make a type specimen book. It has survived not \r\nonly five centuries, but also the leap into electronic typesetting</p></td></tr><tr><td>deleted_at</td><td></td><td></td></tr></tbody></table>',1,'2019-10-31 09:14:49',NULL),(164,'127.0.0.1','Mozilla/5.0 (X11; Ubuntu; Linux x86_64; rv:70.0) Gecko/20100101 Firefox/70.0','http://localhost/step-app/public/admin/lessons/edit-save/15','Update data Speaking at Lessons','<table class=\"table table-striped\"><thead><tr><th>Key</th><th>Old Value</th><th>New Value</th></thead><tbody><tr><td>title</td><td>fasfd</td><td>Speaking</td></tr><tr><td>deleted_at</td><td></td><td></td></tr></tbody></table>',1,'2019-10-31 09:31:28',NULL),(165,'127.0.0.1','Mozilla/5.0 (X11; Ubuntu; Linux x86_64; rv:70.0) Gecko/20100101 Firefox/70.0','http://localhost/step-app/public/admin/quiz_summary/add-save','Add New Data sasasd at Quiz Summary','',1,'2019-10-31 09:57:03',NULL),(166,'127.0.0.1','Mozilla/5.0 (X11; Ubuntu; Linux x86_64; rv:70.0) Gecko/20100101 Firefox/70.0','http://localhost/step-app/public/admin/quiz_summary/add-save','Add New Data Grammer Lesson 1 Quiz at Quiz Summary','',1,'2019-10-31 10:51:19',NULL),(167,'127.0.0.1','Mozilla/5.0 (X11; Ubuntu; Linux x86_64; rv:70.0) Gecko/20100101 Firefox/70.0','http://localhost/step-app/public/admin/lessons/edit-save/15','Update data Listening at Lessons','<table class=\"table table-striped\"><thead><tr><th>Key</th><th>Old Value</th><th>New Value</th></thead><tbody><tr><td>title</td><td>Speaking</td><td>Listening</td></tr><tr><td>deleted_at</td><td></td><td></td></tr></tbody></table>',1,'2019-10-31 12:45:16',NULL),(168,'127.0.0.1','Mozilla/5.0 (X11; Ubuntu; Linux x86_64; rv:70.0) Gecko/20100101 Firefox/70.0','http://localhost/step-app/public/admin/lessons/delete/14','Delete data Listening Lesson at Lessons','',1,'2019-10-31 12:45:21',NULL),(169,'127.0.0.1','Mozilla/5.0 (X11; Ubuntu; Linux x86_64; rv:70.0) Gecko/20100101 Firefox/70.0','http://localhost/step-app/public/admin/lessons/add-save','Add New Data pronunciation at Lessons','',1,'2019-10-31 12:55:01',NULL),(170,'127.0.0.1','Mozilla/5.0 (X11; Ubuntu; Linux x86_64; rv:70.0) Gecko/20100101 Firefox/70.0','http://localhost/step-app/public/admin/login','devs@stepapp.com login with IP Address 127.0.0.1','',1,'2019-11-04 14:22:52',NULL),(171,'127.0.0.1','Mozilla/5.0 (X11; Ubuntu; Linux x86_64; rv:70.0) Gecko/20100101 Firefox/70.0','http://localhost/step-app/public/admin/login','devs@stepapp.com login with IP Address 127.0.0.1','',1,'2019-11-05 08:05:46',NULL),(172,'127.0.0.1','Mozilla/5.0 (X11; Ubuntu; Linux x86_64; rv:70.0) Gecko/20100101 Firefox/70.0','http://localhost/step-app/public/admin/logout','devs@stepapp.com logout','',1,'2019-11-05 08:07:41',NULL),(173,'127.0.0.1','Mozilla/5.0 (X11; Ubuntu; Linux x86_64; rv:70.0) Gecko/20100101 Firefox/70.0','http://localhost/step-app/public/admin/login','devs@stepapp.com login with IP Address 127.0.0.1','',1,'2019-11-06 08:00:16',NULL),(174,'127.0.0.1','Mozilla/5.0 (X11; Ubuntu; Linux x86_64; rv:70.0) Gecko/20100101 Firefox/70.0','http://localhost/step-app/public/admin/courses/edit-save/5','Update data Grammar at Courses','<table class=\"table table-striped\"><thead><tr><th>Key</th><th>Old Value</th><th>New Value</th></thead><tbody><tr><td>icon</td><td></td><td>uploads/1/2019-11/listening.png</td></tr><tr><td>deleted_at</td><td></td><td></td></tr></tbody></table>',1,'2019-11-06 10:35:14',NULL),(175,'127.0.0.1','Mozilla/5.0 (X11; Ubuntu; Linux x86_64; rv:70.0) Gecko/20100101 Firefox/70.0','http://localhost/step-app/public/admin/courses/delete-image','Delete the image of Grammar at Courses','',1,'2019-11-06 11:01:18',NULL),(176,'127.0.0.1','Mozilla/5.0 (X11; Ubuntu; Linux x86_64; rv:70.0) Gecko/20100101 Firefox/70.0','http://localhost/step-app/public/admin/courses/edit-save/5','Update data Grammar at Courses','<table class=\"table table-striped\"><thead><tr><th>Key</th><th>Old Value</th><th>New Value</th></thead><tbody><tr><td>icon</td><td></td><td>uploads/1/2019-11/job.jpeg</td></tr><tr><td>deleted_at</td><td></td><td></td></tr></tbody></table>',1,'2019-11-06 11:01:40',NULL),(177,'127.0.0.1','Mozilla/5.0 (X11; Ubuntu; Linux x86_64; rv:70.0) Gecko/20100101 Firefox/70.0','http://localhost/step-app/public/admin/courses/delete-image','Delete the image of Grammar at Courses','',1,'2019-11-06 11:36:33',NULL),(178,'127.0.0.1','Mozilla/5.0 (X11; Ubuntu; Linux x86_64; rv:70.0) Gecko/20100101 Firefox/70.0','http://localhost/step-app/public/admin/courses/edit-save/5','Update data Grammar at Courses','<table class=\"table table-striped\"><thead><tr><th>Key</th><th>Old Value</th><th>New Value</th></thead><tbody><tr><td>icon</td><td></td><td>uploads/1/2019-11/compress_0_0_1563255436.jpg</td></tr><tr><td>deleted_at</td><td></td><td></td></tr></tbody></table>',1,'2019-11-06 11:36:44',NULL),(179,'127.0.0.1','Mozilla/5.0 (X11; Ubuntu; Linux x86_64; rv:70.0) Gecko/20100101 Firefox/70.0','http://localhost/step-app/public/admin/courses/delete-image','Delete the image of Grammar at Courses','',1,'2019-11-06 11:43:33',NULL),(180,'127.0.0.1','Mozilla/5.0 (X11; Ubuntu; Linux x86_64; rv:70.0) Gecko/20100101 Firefox/70.0','http://localhost/step-app/public/admin/courses/edit-save/5','Update data Grammar at Courses','<table class=\"table table-striped\"><thead><tr><th>Key</th><th>Old Value</th><th>New Value</th></thead><tbody><tr><td>icon</td><td></td><td>uploads/1/2019-11/job.jpeg</td></tr><tr><td>deleted_at</td><td></td><td></td></tr></tbody></table>',1,'2019-11-06 11:43:40',NULL),(181,'127.0.0.1','Mozilla/5.0 (X11; Ubuntu; Linux x86_64; rv:70.0) Gecko/20100101 Firefox/70.0','http://localhost/step-app/public/admin/courses/delete-image','Delete the image of Grammar at Courses','',1,'2019-11-06 11:45:58',NULL),(182,'127.0.0.1','Mozilla/5.0 (X11; Ubuntu; Linux x86_64; rv:70.0) Gecko/20100101 Firefox/70.0','http://localhost/step-app/public/admin/courses/edit-save/5','Update data Grammar at Courses','<table class=\"table table-striped\"><thead><tr><th>Key</th><th>Old Value</th><th>New Value</th></thead><tbody><tr><td>icon</td><td></td><td>uploads/1/2019-11/index.jpeg</td></tr><tr><td>deleted_at</td><td></td><td></td></tr></tbody></table>',1,'2019-11-06 11:46:17',NULL),(183,'127.0.0.1','Mozilla/5.0 (X11; Ubuntu; Linux x86_64; rv:70.0) Gecko/20100101 Firefox/70.0','http://localhost/step-app/public/admin/login','devs@stepapp.com login with IP Address 127.0.0.1','',1,'2019-11-07 08:45:13',NULL),(184,'127.0.0.1','Mozilla/5.0 (X11; Ubuntu; Linux x86_64; rv:70.0) Gecko/20100101 Firefox/70.0','http://localhost/step-app/public/admin/courses/delete-image','Delete the image of Grammar at Courses','',1,'2019-11-07 08:45:30',NULL),(185,'127.0.0.1','Mozilla/5.0 (X11; Ubuntu; Linux x86_64; rv:70.0) Gecko/20100101 Firefox/70.0','http://localhost/step-app/public/admin/courses/edit-save/5','Update data Grammar at Courses','<table class=\"table table-striped\"><thead><tr><th>Key</th><th>Old Value</th><th>New Value</th></thead><tbody><tr><td>icon</td><td></td><td>uploads/1/2019-11/cart_empty.png</td></tr><tr><td>deleted_at</td><td></td><td></td></tr></tbody></table>',1,'2019-11-07 08:45:38',NULL),(186,'127.0.0.1','Mozilla/5.0 (X11; Ubuntu; Linux x86_64; rv:70.0) Gecko/20100101 Firefox/70.0','http://localhost/step-app/public/admin/courses/delete-image','Delete the image of Grammar at Courses','',1,'2019-11-07 08:49:58',NULL),(187,'127.0.0.1','Mozilla/5.0 (X11; Ubuntu; Linux x86_64; rv:70.0) Gecko/20100101 Firefox/70.0','http://localhost/step-app/public/admin/courses/edit-save/5','Update data Grammar at Courses','<table class=\"table table-striped\"><thead><tr><th>Key</th><th>Old Value</th><th>New Value</th></thead><tbody><tr><td>icon</td><td></td><td>uploads/1/2019-11/index.jpeg</td></tr><tr><td>deleted_at</td><td></td><td></td></tr></tbody></table>',1,'2019-11-07 08:50:07',NULL),(188,'127.0.0.1','Mozilla/5.0 (X11; Ubuntu; Linux x86_64; rv:70.0) Gecko/20100101 Firefox/70.0','http://localhost/step-app/public/admin/courses/delete-image','Delete the image of Grammar at Courses','',1,'2019-11-07 10:01:53',NULL),(189,'127.0.0.1','Mozilla/5.0 (X11; Ubuntu; Linux x86_64; rv:70.0) Gecko/20100101 Firefox/70.0','http://localhost/step-app/public/admin/courses/edit-save/5','Update data Grammar at Courses','<table class=\"table table-striped\"><thead><tr><th>Key</th><th>Old Value</th><th>New Value</th></thead><tbody><tr><td>icon</td><td></td><td>uploads/1/2019-11/twillio_authy_issue.png</td></tr><tr><td>deleted_at</td><td></td><td></td></tr></tbody></table>',1,'2019-11-07 10:02:09',NULL),(190,'127.0.0.1','Mozilla/5.0 (X11; Ubuntu; Linux x86_64; rv:70.0) Gecko/20100101 Firefox/70.0','http://localhost/step-app/public/admin/courses/delete-image','Delete the image of Grammar at Courses','',1,'2019-11-07 10:11:34',NULL),(191,'127.0.0.1','Mozilla/5.0 (X11; Ubuntu; Linux x86_64; rv:70.0) Gecko/20100101 Firefox/70.0','http://localhost/step-app/public/admin/courses/edit-save/5','Update data Grammar at Courses','<table class=\"table table-striped\"><thead><tr><th>Key</th><th>Old Value</th><th>New Value</th></thead><tbody><tr><td>icon</td><td></td><td>uploads/1/2019-11/wishlist_empty.png</td></tr><tr><td>deleted_at</td><td></td><td></td></tr></tbody></table>',1,'2019-11-07 10:12:01',NULL),(192,'127.0.0.1','Mozilla/5.0 (X11; Ubuntu; Linux x86_64; rv:70.0) Gecko/20100101 Firefox/70.0','http://localhost/step-app/public/admin/login','devs@stepapp.com login with IP Address 127.0.0.1','',1,'2019-11-08 06:39:14',NULL),(193,'127.0.0.1','Mozilla/5.0 (X11; Ubuntu; Linux x86_64; rv:70.0) Gecko/20100101 Firefox/70.0','http://localhost/step-app/public/admin/login','devs@stepapp.com login with IP Address 127.0.0.1','',1,'2019-11-08 14:10:33',NULL),(194,'127.0.0.1','Mozilla/5.0 (X11; Ubuntu; Linux x86_64; rv:70.0) Gecko/20100101 Firefox/70.0','http://localhost/step-app/public/admin/login','devs@stepapp.com login with IP Address 127.0.0.1','',1,'2019-11-11 10:33:42',NULL),(195,'127.0.0.1','Mozilla/5.0 (X11; Ubuntu; Linux x86_64; rv:70.0) Gecko/20100101 Firefox/70.0','http://localhost/step-app/public/admin/login','devs@stepapp.com login with IP Address 127.0.0.1','',1,'2019-11-14 13:59:49',NULL),(196,'127.0.0.1','Mozilla/5.0 (X11; Ubuntu; Linux x86_64; rv:70.0) Gecko/20100101 Firefox/70.0','http://localhost/step-app/public/admin/topics/add-save','Add New Data Topic 1 at Topics','',1,'2019-11-14 14:12:19',NULL),(197,'127.0.0.1','Mozilla/5.0 (X11; Ubuntu; Linux x86_64; rv:70.0) Gecko/20100101 Firefox/70.0','http://localhost/step-app/public/admin/topics/add-save','Add New Data Topic 2 at Topics','',1,'2019-11-14 14:12:30',NULL),(198,'127.0.0.1','Mozilla/5.0 (X11; Ubuntu; Linux x86_64; rv:70.0) Gecko/20100101 Firefox/70.0','http://localhost/step-app/public/admin/topics/add-save','Add New Data Topic 3 at Topics','',1,'2019-11-14 14:12:39',NULL),(199,'127.0.0.1','Mozilla/5.0 (X11; Ubuntu; Linux x86_64; rv:70.0) Gecko/20100101 Firefox/70.0','http://localhost/step-app/public/admin/topics/add-save','Add New Data Topic 4 at Topics','',1,'2019-11-14 14:12:47',NULL),(200,'127.0.0.1','Mozilla/5.0 (X11; Ubuntu; Linux x86_64; rv:70.0) Gecko/20100101 Firefox/70.0','http://localhost/step-app/public/admin/login','devs@stepapp.com login with IP Address 127.0.0.1','',1,'2019-11-15 06:52:27',NULL),(201,'127.0.0.1','Mozilla/5.0 (X11; Ubuntu; Linux x86_64; rv:70.0) Gecko/20100101 Firefox/70.0','http://localhost/step-app/public/admin/lessons/edit-save/1','Update data Grammar Lesson 1 at Lessons','<table class=\"table table-striped\"><thead><tr><th>Key</th><th>Old Value</th><th>New Value</th></thead><tbody><tr><td>content</td><td><p><strong>Lorem Ipsum</strong> is simply dummy text of the printing and \r\ntypesetting industry. Lorem Ipsum has been the industry\'s standard dummy\r\n text ever since the 1500s, when an unknown printer took a galley of \r\ntype and scrambled it to make a type specimen book. It has survived not \r\nonly five centuries, but also the leap into electronic typesetting, \r\nremaining essentially unchanged. It was popularised in the 1960s with \r\nthe release of Letraset sheets containing Lorem Ipsum passages, and more\r\n recently with desktop publishing software like Aldus PageMaker \r\nincluding versions of Lorem Ipsum.</p><p><br></p><p><strong>Lorem Ipsum</strong> is simply dummy text of the printing and \r\ntypesetting industry. Lorem Ipsum has been the industry\'s standard dummy\r\n text ever since the 1500s, when an unknown printer took a galley of \r\ntype and scrambled it to make a type specimen book. It has survived not \r\nonly five centuries, but also the leap into electronic typesetting, \r\nremaining essentially unchanged. It was popularised in the 1960s with \r\nthe release of Letraset sheets containing Lorem Ipsum passages, and more\r\n recently with desktop publishing software like Aldus PageMaker \r\nincluding versions of Lorem Ipsum.</p><p><strong>Lorem Ipsum</strong> is simply dummy text of the printing and \r\ntypesetting industry. Lorem Ipsum has been the industry\'s standard dummy\r\n text ever since the 1500s, when an unknown printer took a galley of \r\ntype and scrambled it to make a type specimen book. It has survived not \r\nonly five centuries, but also the leap into electronic typesetting, \r\nremaining essentially unchanged. It was popularised in the 1960s with \r\nthe release of Letraset sheets containing Lorem Ipsum passages, and more\r\n recently with desktop publishing software like Aldus PageMaker \r\nincluding versions of Lorem Ipsum.</p><p><br></p><p><strong>Lorem Ipsum</strong> is simply dummy text of the printing and \r\ntypesetting industry. Lorem Ipsum has been the industry\'s standard dummy\r\n text ever since the 1500s, when an unknown printer took a galley of \r\ntype and scrambled it to make a type specimen book. It has survived not \r\nonly five centuries, but also the leap into electronic typesetting, \r\nremaining essentially unchanged. It was popularised in the 1960s with \r\nthe release of Letraset sheets containing Lorem Ipsum passages, and more\r\n recently with desktop publishing software like Aldus PageMaker \r\nincluding versions of Lorem Ipsum.<br></p></td><td><p><strong>Lorem Ipsum</strong> is simply dummy text of the printing and \r\ntypesetting industry. Lorem Ipsum has been the industry\'s standard dummy\r\n text ever since the 1500s, when an unknown printer took a galley of \r\ntype and scrambled it to make a type specimen book. It has survived not \r\nonly five centuries, but also the leap into electronic typesetting, \r\nremaining essentially unchanged. It was popularised in the 1960s with \r\nthe release of Letraset sheets containing Lorem Ipsum passages, and more\r\n recently with desktop publishing software like Aldus PageMaker \r\nincluding versions of Lorem Ipsum.</p><p><strong>Lorem Ipsum</strong> is simply dummy text of the printing and \r\ntypesetting industry. Lorem Ipsum has been the industry\'s standard dummy\r\n text ever since the 1500s, when an unknown printer took a galley of \r\ntype and scrambled it to make a type specimen book. It has survived not \r\nonly five centuries, but also the leap into electronic typesetting, \r\nremaining essentially unchanged. It was popularised in the 1960s with \r\nthe release of Letraset sheets containing Lorem Ipsum passages, and more\r\n recently with desktop publishing software like Aldus PageMaker \r\nincluding versions of Lorem Ipsum.</p><p><strong>Lorem Ipsum</strong> is simply dummy text of the printing and \r\ntypesetting industry. Lorem Ipsum has been the industry\'s standard dummy\r\n text ever since the 1500s, when an unknown printer took a galley of \r\ntype and scrambled it to make a type specimen book. It has survived not \r\nonly five centuries, but also the leap into electronic typesetting, \r\nremaining essentially unchanged. It was popularised in the 1960s with \r\nthe release of Letraset sheets containing Lorem Ipsum passages, and more\r\n recently with desktop publishing software like Aldus PageMaker \r\nincluding versions of Lorem Ipsum.</p><p><br></p><p><strong>Lorem Ipsum</strong> is simply dummy text of the printing and \r\ntypesetting industry. Lorem Ipsum has been the industry\'s standard dummy\r\n text ever since the 1500s, when an unknown printer took a galley of \r\ntype and scrambled it to make a type specimen book. It has survived not \r\nonly five centuries, but also the leap into electronic typesetting, \r\nremaining essentially unchanged. It was popularised in the 1960s with \r\nthe release of Letraset sheets containing Lorem Ipsum passages, and more\r\n recently with desktop publishing software like Aldus PageMaker \r\nincluding versions of Lorem Ipsum.<br></p></td></tr></tbody></table>',1,'2019-11-15 12:02:58',NULL),(202,'127.0.0.1','Mozilla/5.0 (X11; Ubuntu; Linux x86_64; rv:70.0) Gecko/20100101 Firefox/70.0','http://localhost/step-app/public/admin/login','devs@stepapp.com login with IP Address 127.0.0.1','',1,'2019-11-18 09:18:26',NULL),(203,'127.0.0.1','Mozilla/5.0 (X11; Ubuntu; Linux x86_64; rv:70.0) Gecko/20100101 Firefox/70.0','http://localhost/step-app/public/admin/login','devs@stepapp.com login with IP Address 127.0.0.1','',1,'2019-11-19 08:06:21',NULL),(204,'117.20.31.210','Mozilla/5.0 (X11; Ubuntu; Linux x86_64; rv:70.0) Gecko/20100101 Firefox/70.0','http://sandbox4.cubix.co/staging/stepapp/public/admin/login','devs@stepapp.com login with IP Address 117.20.31.210','',1,'2019-11-19 15:03:30',NULL),(205,'117.20.31.210','Mozilla/5.0 (X11; Ubuntu; Linux x86_64; rv:70.0) Gecko/20100101 Firefox/70.0','http://sandbox4.cubix.co/staging/stepapp/public/admin/login','devs@stepapp.com login with IP Address 117.20.31.210','',1,'2019-11-20 09:00:46',NULL),(206,'117.20.31.210','Mozilla/5.0 (X11; Ubuntu; Linux x86_64; rv:70.0) Gecko/20100101 Firefox/70.0','http://sandbox4.cubix.co/staging/stepapp/public/admin/content_pages/edit-save/1','Update data About Step App at Content Management','<table class=\"table table-striped\"><thead><tr><th>Key</th><th>Old Value</th><th>New Value</th></thead><tbody><tr><td>type</td><td>about</td><td>about-step-app</td></tr><tr><td>content</td><td><div style=\"margin: 0px 14.3906px 0px 28.7969px; padding: 0px; width: 436.797px; float: left; font-family: &quot;Open Sans&quot;, Arial, sans-serif;\"><h2 style=\"margin-top: 0px; margin-right: 0px; margin-left: 0px; padding: 0px; line-height: 24px; font-family: DauphinPlain; font-size: 24px;\">What is Lorem Ipsum?</h2><p style=\"margin-bottom: 15px; padding: 0px; text-align: justify;\"><strong style=\"margin: 0px; padding: 0px;\">Lorem Ipsum</strong>&nbsp;is simply dummy text of the printing and typesetting industry. Lorem Ipsum has been the industry\'s standard dummy text ever since the 1500s, when an unknown printer took a galley of type and scrambled it to make a type specimen book. It has survived not only five centuries, but also the leap into electronic typesetting, remaining essentially unchanged. It was popularised in the 1960s with the release of Letraset sheets containing Lorem Ipsum passages, and more recently with desktop publishing software like Aldus PageMaker including versions of Lorem Ipsum.</p></div><div style=\"margin: 0px 28.7969px 0px 14.3906px; padding: 0px; width: 436.797px; float: right; font-family: &quot;Open Sans&quot;, Arial, sans-serif;\"><h2 style=\"margin-top: 0px; margin-right: 0px; margin-left: 0px; padding: 0px; line-height: 24px; font-family: DauphinPlain; font-size: 24px;\">Why do we use it?</h2><p style=\"margin-bottom: 15px; padding: 0px; text-align: justify;\">It is a long established fact that a reader will be distracted by the readable content of a page when looking at its layout. The point of using Lorem Ipsum is that it has a more-or-less normal distribution of letters, as opposed to using \'Content here, content here\', making it look like readable English. Many desktop publishing packages and web page editors now use Lorem Ipsum as their default model text, and a search for \'lorem ipsum\' will uncover many web sites still in their infancy. Various versions have evolved over the years, sometimes by accident, sometimes on purpose (injected humour and the like).</p></div></td><td><p><strong>Lorem Ipsum</strong> is simply dummy text of the printing and \r\ntypesetting industry. Lorem Ipsum has been the industry\'s standard dummy\r\n text ever since the 1500s, when an unknown printer took a galley of \r\ntype and scrambled it to make a type specimen book. It has survived not \r\nonly five centuries.</p><p><strong>Lorem Ipsum</strong> is simply dummy text of the printing and \r\ntypesetting industry. Lorem Ipsum has been the industry\'s standard dummy\r\n text ever since the 1500s, when an unknown printer took a galley of \r\ntype and scrambled it to make a type specimen book. It has survived not \r\nonly five centuries.<br></p></td></tr><tr><td>deleted_at</td><td></td><td></td></tr></tbody></table>',1,'2019-11-20 14:07:14',NULL),(207,'117.20.31.210','Mozilla/5.0 (X11; Ubuntu; Linux x86_64; rv:70.0) Gecko/20100101 Firefox/70.0','http://sandbox4.cubix.co/staging/stepapp/public/admin/content_pages/edit-save/1','Update data About Step App at Content Management','<table class=\"table table-striped\"><thead><tr><th>Key</th><th>Old Value</th><th>New Value</th></thead><tbody><tr><td>deleted_at</td><td></td><td></td></tr></tbody></table>',1,'2019-11-20 14:07:53',NULL),(208,'117.20.31.210','Mozilla/5.0 (X11; Ubuntu; Linux x86_64; rv:70.0) Gecko/20100101 Firefox/70.0','http://sandbox4.cubix.co/staging/stepapp/public/admin/content_pages/edit-save/4','Update data About Quiz at Content Management','<table class=\"table table-striped\"><thead><tr><th>Key</th><th>Old Value</th><th>New Value</th></thead><tbody><tr><td>type</td><td>about_quiz</td><td>about-quiz</td></tr><tr><td>content</td><td></td><td><p>Lorem ipsum dolor sit amet, consectetur adipiscing elit, sed do eiusmod \r\ntempor incididunt ut labore et dolore magna aliqua. Ut enim ad minim \r\nveniam, quis nostrud exercitation ullamco laboris nisi ut aliquip ex ea \r\ncommodo consequat. Duis aute irure dolor in reprehenderit in voluptate \r\nvelit esse cillum dolore eu fugiat nulla pariatur. Excepteur sint \r\noccaecat cupidatat non proident, sunt in culpa qui officia deserunt \r\nmollit anim id est laborum<br></p></td></tr><tr><td>deleted_at</td><td></td><td></td></tr></tbody></table>',1,'2019-11-20 14:08:34',NULL),(209,'117.20.31.210','Mozilla/5.0 (X11; Linux x86_64) AppleWebKit/537.36 (KHTML, like Gecko) Chrome/77.0.3865.75 Safari/537.36','http://sandbox4.cubix.co/staging/stepapp/public/admin/login','devs@stepapp.com login with IP Address 117.20.31.210','',1,'2019-11-21 07:42:10',NULL),(210,'117.20.31.210','Mozilla/5.0 (X11; Linux x86_64) AppleWebKit/537.36 (KHTML, like Gecko) Chrome/77.0.3865.75 Safari/537.36','http://sandbox4.cubix.co/staging/stepapp/public/admin/login','devs@stepapp.com login with IP Address 117.20.31.210','',1,'2019-11-21 16:59:01',NULL),(211,'117.20.31.210','Mozilla/5.0 (X11; Linux x86_64) AppleWebKit/537.36 (KHTML, like Gecko) Chrome/77.0.3865.75 Safari/537.36','http://sandbox4.cubix.co/staging/stepapp/public/admin/login','devs@stepapp.com login with IP Address 117.20.31.210','',1,'2019-11-21 17:08:32',NULL),(212,'117.20.31.210','Mozilla/5.0 (X11; Linux x86_64) AppleWebKit/537.36 (KHTML, like Gecko) Chrome/77.0.3865.75 Safari/537.36','http://sandbox4.cubix.co/staging/stepapp/public/admin/login','devs@stepapp.com login with IP Address 117.20.31.210','',1,'2019-11-22 07:21:32',NULL),(213,'117.20.31.210','Mozilla/5.0 (X11; Ubuntu; Linux x86_64; rv:70.0) Gecko/20100101 Firefox/70.0','http://sandbox4.cubix.co/staging/stepapp/public/admin/login','devs@stepapp.com login with IP Address 117.20.31.210','',1,'2019-11-22 07:59:07',NULL),(214,'117.20.31.210','Mozilla/5.0 (X11; Ubuntu; Linux x86_64; rv:70.0) Gecko/20100101 Firefox/70.0','http://sandbox4.cubix.co/staging/stepapp/public/admin/lessons/edit-save/16','Update data pronunciation at Lessons','<table class=\"table table-striped\"><thead><tr><th>Key</th><th>Old Value</th><th>New Value</th></thead><tbody><tr><td>audio_file</td><td></td><td>uploads/1/2019-11/sammi_meri_waar_s08e02.mp3</td></tr><tr><td>deleted_at</td><td></td><td></td></tr></tbody></table>',1,'2019-11-22 08:00:52',NULL),(215,'117.20.31.210','Mozilla/5.0 (X11; Linux x86_64) AppleWebKit/537.36 (KHTML, like Gecko) Chrome/77.0.3865.75 Safari/537.36','http://sandbox4.cubix.co/staging/stepapp/public/admin/login','devs@stepapp.com login with IP Address 117.20.31.210','',1,'2019-11-22 16:22:55',NULL),(216,'175.107.203.68','Mozilla/5.0 (X11; Linux x86_64) AppleWebKit/537.36 (KHTML, like Gecko) Chrome/77.0.3865.75 Safari/537.36','http://sandbox4.cubix.co/staging/stepapp/public/admin/login','devs@stepapp.com login with IP Address 175.107.203.68','',1,'2019-11-25 07:49:52',NULL),(217,'175.107.203.68','Mozilla/5.0 (X11; Linux x86_64) AppleWebKit/537.36 (KHTML, like Gecko) Chrome/77.0.3865.75 Safari/537.36','http://sandbox4.cubix.co/staging/stepapp/public/admin/login','devs@stepapp.com login with IP Address 175.107.203.68','',1,'2019-11-25 10:46:07',NULL),(218,'117.20.31.210','Mozilla/5.0 (X11; Ubuntu; Linux x86_64; rv:70.0) Gecko/20100101 Firefox/70.0','http://sandbox4.cubix.co/staging/stepapp/public/admin/login','devs@stepapp.com login with IP Address 117.20.31.210','',1,'2019-12-02 11:09:44',NULL),(219,'117.20.31.210','Mozilla/5.0 (X11; Ubuntu; Linux x86_64; rv:70.0) Gecko/20100101 Firefox/70.0','http://sandbox4.cubix.co/staging/stepapp/public/admin/settings/delete/25','Delete data mock_test_timer at Settings','',1,'2019-12-02 13:09:59',NULL),(220,'117.20.31.210','Mozilla/5.0 (X11; Ubuntu; Linux x86_64; rv:70.0) Gecko/20100101 Firefox/70.0','http://sandbox4.cubix.co/staging/stepapp/public/admin/settings/add-save','Add New Data crown_badge_score at Settings','',1,'2019-12-02 13:14:17',NULL),(221,'117.20.31.210','Mozilla/5.0 (X11; Ubuntu; Linux x86_64; rv:70.0) Gecko/20100101 Firefox/70.0','http://sandbox4.cubix.co/staging/stepapp/public/admin/login','devs@stepapp.com login with IP Address 117.20.31.210','',1,'2019-12-03 06:41:17',NULL),(222,'117.20.31.210','Mozilla/5.0 (X11; Ubuntu; Linux x86_64; rv:70.0) Gecko/20100101 Firefox/70.0','http://sandbox4.cubix.co/staging/stepapp/public/admin/settings/add-save','Add New Data gold_badge_score at Settings','',1,'2019-12-03 06:59:27',NULL),(223,'117.20.31.210','Mozilla/5.0 (X11; Ubuntu; Linux x86_64; rv:70.0) Gecko/20100101 Firefox/70.0','http://sandbox4.cubix.co/staging/stepapp/public/admin/settings/add-save','Add New Data silver_badge_score at Settings','',1,'2019-12-03 06:59:55',NULL),(224,'127.0.0.1','Mozilla/5.0 (X11; Ubuntu; Linux x86_64; rv:70.0) Gecko/20100101 Firefox/70.0','http://localhost/step-app/public/admin/courses/delete-image','Delete the image of Grammar at Courses','',1,'2019-12-03 08:42:06',NULL),(225,'127.0.0.1','Mozilla/5.0 (X11; Ubuntu; Linux x86_64; rv:70.0) Gecko/20100101 Firefox/70.0','http://localhost/step-app/public/admin/courses/delete-image','Delete the image of Writing at Courses','',1,'2019-12-03 08:44:44',NULL),(226,'127.0.0.1','Mozilla/5.0 (X11; Ubuntu; Linux x86_64; rv:70.0) Gecko/20100101 Firefox/70.0','http://localhost/step-app/public/admin/login','devs@stepapp.com login with IP Address 127.0.0.1','',1,'2019-12-04 06:02:07',NULL),(227,'127.0.0.1','Mozilla/5.0 (X11; Ubuntu; Linux x86_64; rv:70.0) Gecko/20100101 Firefox/70.0','http://localhost/step-app/public/admin/vocabulary/add-save','Add New Data  at Vocabulary','',1,'2019-12-04 07:42:17',NULL),(228,'127.0.0.1','Mozilla/5.0 (X11; Ubuntu; Linux x86_64; rv:70.0) Gecko/20100101 Firefox/70.0','http://localhost/step-app/public/admin/vocabulary/add-save','Add New Data  at Vocabulary','',1,'2019-12-04 07:44:00',NULL),(229,'127.0.0.1','Mozilla/5.0 (X11; Ubuntu; Linux x86_64; rv:70.0) Gecko/20100101 Firefox/70.0','http://localhost/step-app/public/admin/vocabulary/add-save','Add New Data  at Vocabulary','',1,'2019-12-04 07:45:34',NULL),(230,'127.0.0.1','Mozilla/5.0 (X11; Ubuntu; Linux x86_64; rv:70.0) Gecko/20100101 Firefox/70.0','http://localhost/step-app/public/admin/vocabulary/add-save','Add New Data  at Vocabulary','',1,'2019-12-04 07:46:58',NULL),(231,'127.0.0.1','Mozilla/5.0 (X11; Ubuntu; Linux x86_64; rv:70.0) Gecko/20100101 Firefox/70.0','http://localhost/step-app/public/admin/vocabulary/add-save','Add New Data  at Vocabulary','',1,'2019-12-04 07:48:05',NULL),(232,'127.0.0.1','Mozilla/5.0 (X11; Ubuntu; Linux x86_64; rv:70.0) Gecko/20100101 Firefox/70.0','http://localhost/step-app/public/admin/vocabulary/add-save','Add New Data  at Vocabulary','',1,'2019-12-04 07:49:21',NULL),(233,'117.20.31.210','Mozilla/5.0 (X11; Ubuntu; Linux x86_64; rv:70.0) Gecko/20100101 Firefox/70.0','http://sandbox4.cubix.co/staging/stepapp/public/admin/login','devs@stepapp.com login with IP Address 117.20.31.210','',1,'2019-12-05 09:20:45',NULL),(234,'117.20.31.210','Mozilla/5.0 (X11; Ubuntu; Linux x86_64; rv:70.0) Gecko/20100101 Firefox/70.0','http://sandbox4.cubix.co/staging/stepapp/public/admin/courses/edit-save/3','Update data Writing at Courses','<table class=\"table table-striped\"><thead><tr><th>Key</th><th>Old Value</th><th>New Value</th></thead><tbody><tr><td>course_type</td><td>lesson</td><td></td></tr><tr><td>icon</td><td></td><td>uploads/1/2019-12/writing_at_3x.png</td></tr><tr><td>deleted_at</td><td></td><td></td></tr></tbody></table>',1,'2019-12-05 09:21:41',NULL),(235,'117.20.31.210','Mozilla/5.0 (X11; Ubuntu; Linux x86_64; rv:70.0) Gecko/20100101 Firefox/70.0','http://sandbox4.cubix.co/staging/stepapp/public/admin/courses/edit-save/5','Update data Grammar at Courses','<table class=\"table table-striped\"><thead><tr><th>Key</th><th>Old Value</th><th>New Value</th></thead><tbody><tr><td>course_type</td><td>lesson</td><td></td></tr><tr><td>icon</td><td></td><td>uploads/1/2019-12/grammer_at_3x.png</td></tr><tr><td>deleted_at</td><td></td><td></td></tr></tbody></table>',1,'2019-12-05 09:21:57',NULL),(236,'175.107.203.68','Mozilla/5.0 (X11; Ubuntu; Linux x86_64; rv:70.0) Gecko/20100101 Firefox/70.0','http://sandbox4.cubix.co/staging/stepapp/public/admin/login','devs@stepapp.com login with IP Address 175.107.203.68','',1,'2019-12-09 08:35:00',NULL),(237,'117.20.31.210','Mozilla/5.0 (X11; Ubuntu; Linux x86_64; rv:70.0) Gecko/20100101 Firefox/70.0','http://sandbox4.cubix.co/staging/stepapp/public/admin/login','devs@stepapp.com login with IP Address 117.20.31.210','',1,'2019-12-10 08:04:55',NULL),(238,'175.107.203.68','Mozilla/5.0 (X11; Linux x86_64) AppleWebKit/537.36 (KHTML, like Gecko) Chrome/77.0.3865.75 Safari/537.36','http://sandbox4.cubix.co/staging/stepapp/public/admin/login','devs@stepapp.com login with IP Address 175.107.203.68','',1,'2019-12-11 07:16:37',NULL),(239,'175.107.203.68','Mozilla/5.0 (X11; Linux x86_64) AppleWebKit/537.36 (KHTML, like Gecko) Chrome/77.0.3865.75 Safari/537.36','http://sandbox4.cubix.co/staging/stepapp/public/admin/logout','devs@stepapp.com logout','',1,'2019-12-11 07:17:01',NULL),(240,'117.20.31.210','Mozilla/5.0 (X11; Ubuntu; Linux x86_64; rv:70.0) Gecko/20100101 Firefox/70.0','http://sandbox4.cubix.co/staging/stepapp/public/admin/login','devs@stepapp.com login with IP Address 117.20.31.210','',1,'2019-12-11 10:01:29',NULL),(241,'117.20.31.210','Mozilla/5.0 (X11; Ubuntu; Linux x86_64; rv:70.0) Gecko/20100101 Firefox/70.0','http://sandbox4.cubix.co/staging/stepapp/public/admin/users/delete-image','Delete the image of Admin at Users Management','',1,'2019-12-11 10:02:19',NULL),(242,'117.20.31.210','Mozilla/5.0 (X11; Ubuntu; Linux x86_64; rv:70.0) Gecko/20100101 Firefox/70.0','http://sandbox4.cubix.co/staging/stepapp/public/admin/users/edit-save/2','Update data Admin at Users Management','<table class=\"table table-striped\"><thead><tr><th>Key</th><th>Old Value</th><th>New Value</th></thead><tbody><tr><td>photo</td><td></td><td>uploads/1/2019-12/super_admin.png</td></tr><tr><td>email</td><td>admin@stepapp.com</td><td>admin@admin.com</td></tr><tr><td>password</td><td>$2y$10$gAgOVIjsttSP.mnBiAWfoOU3EiOYMN5W4KPLkmxla3SylWUGshjUq</td><td>$2y$10$q5d4KD5cZGETeng8eorvuul8wgXN16gTpVSB3TJoLEM/jAmu3qmd.</td></tr><tr><td>status</td><td></td><td></td></tr></tbody></table>',1,'2019-12-11 10:05:22',NULL),(243,'117.20.31.210','Mozilla/5.0 (X11; Ubuntu; Linux x86_64; rv:70.0) Gecko/20100101 Firefox/70.0','http://sandbox4.cubix.co/staging/stepapp/public/admin/login','admin@admin.com login with IP Address 117.20.31.210','',2,'2019-12-11 10:06:57',NULL),(244,'117.20.31.210','Mozilla/5.0 (X11; Ubuntu; Linux x86_64; rv:70.0) Gecko/20100101 Firefox/70.0','http://sandbox4.cubix.co/staging/stepapp/public/admin/users/delete-image','Delete the image of Admin at Users Management','',2,'2019-12-11 10:07:31',NULL),(245,'117.20.31.210','Mozilla/5.0 (X11; Ubuntu; Linux x86_64; rv:70.0) Gecko/20100101 Firefox/70.0','http://sandbox4.cubix.co/staging/stepapp/public/admin/users/edit-save/2','Update data Admin at Users Management','<table class=\"table table-striped\"><thead><tr><th>Key</th><th>Old Value</th><th>New Value</th></thead><tbody><tr><td>photo</td><td></td><td>uploads/2/2019-12/admin_logo.jpg</td></tr><tr><td>password</td><td>$2y$10$q5d4KD5cZGETeng8eorvuul8wgXN16gTpVSB3TJoLEM/jAmu3qmd.</td><td></td></tr><tr><td>id_cms_privileges</td><td>2</td><td></td></tr><tr><td>status</td><td></td><td></td></tr></tbody></table>',2,'2019-12-11 10:08:00',NULL),(246,'117.20.31.210','Mozilla/5.0 (X11; Ubuntu; Linux x86_64; rv:70.0) Gecko/20100101 Firefox/70.0','http://sandbox4.cubix.co/staging/stepapp/public/admin/users/delete-image','Delete the image of Admin at Users Management','',2,'2019-12-11 10:08:20',NULL),(247,'117.20.31.210','Mozilla/5.0 (X11; Ubuntu; Linux x86_64; rv:70.0) Gecko/20100101 Firefox/70.0','http://sandbox4.cubix.co/staging/stepapp/public/admin/logout','admin@admin.com logout','',2,'2019-12-11 11:24:11',NULL),(248,'117.20.31.210','Mozilla/5.0 (X11; Ubuntu; Linux x86_64; rv:70.0) Gecko/20100101 Firefox/70.0','http://sandbox4.cubix.co/staging/stepapp/public/admin/login','admin@admin.com login with IP Address 117.20.31.210','',2,'2019-12-11 11:24:49',NULL),(249,'117.20.31.210','Mozilla/5.0 (X11; Ubuntu; Linux x86_64; rv:70.0) Gecko/20100101 Firefox/70.0','http://sandbox4.cubix.co/staging/stepapp/public/admin/menu_management/edit-save/11','Update data Topics at Menu Management','<table class=\"table table-striped\"><thead><tr><th>Key</th><th>Old Value</th><th>New Value</th></thead><tbody><tr><td>color</td><td></td><td>normal</td></tr><tr><td>sorting</td><td>5</td><td></td></tr></tbody></table>',1,'2019-12-11 11:29:46',NULL),(250,'117.20.31.210','Mozilla/5.0 (X11; Ubuntu; Linux x86_64; rv:70.0) Gecko/20100101 Firefox/70.0','http://sandbox4.cubix.co/staging/stepapp/public/admin/menu_management/edit-save/12','Update data Vocabulary at Menu Management','<table class=\"table table-striped\"><thead><tr><th>Key</th><th>Old Value</th><th>New Value</th></thead><tbody><tr><td>color</td><td></td><td>normal</td></tr><tr><td>sorting</td><td>8</td><td></td></tr></tbody></table>',1,'2019-12-11 11:30:34',NULL),(251,'117.20.31.210','Mozilla/5.0 (X11; Ubuntu; Linux x86_64; rv:70.0) Gecko/20100101 Firefox/70.0','http://sandbox4.cubix.co/staging/stepapp/public/admin/logout','admin@admin.com logout','',2,'2019-12-11 11:30:56',NULL),(252,'117.20.31.210','Mozilla/5.0 (X11; Ubuntu; Linux x86_64; rv:70.0) Gecko/20100101 Firefox/70.0','http://sandbox4.cubix.co/staging/stepapp/public/admin/login','admin@admin.com login with IP Address 117.20.31.210','',2,'2019-12-11 11:31:15',NULL),(253,'127.0.0.1','Mozilla/5.0 (X11; Ubuntu; Linux x86_64; rv:70.0) Gecko/20100101 Firefox/70.0','http://localhost/step-app/public/admin/login','admin@admin.com login with IP Address 127.0.0.1','',2,'2019-12-11 13:13:12',NULL),(254,'127.0.0.1','Mozilla/5.0 (X11; Ubuntu; Linux x86_64; rv:70.0) Gecko/20100101 Firefox/70.0','http://localhost/step-app/public/admin/logout','admin@admin.com logout','',2,'2019-12-11 13:53:21',NULL),(255,'127.0.0.1','Mozilla/5.0 (X11; Ubuntu; Linux x86_64; rv:70.0) Gecko/20100101 Firefox/70.0','http://localhost/step-app/public/admin/login','admin@admin.com login with IP Address 127.0.0.1','',2,'2019-12-11 13:53:26',NULL),(256,'127.0.0.1','Mozilla/5.0 (X11; Ubuntu; Linux x86_64; rv:70.0) Gecko/20100101 Firefox/70.0','http://localhost/step-app/public/admin/menu_management/add-save','Add New Data Settings at Menu Management','',1,'2019-12-11 14:27:34',NULL),(257,'127.0.0.1','Mozilla/5.0 (X11; Ubuntu; Linux x86_64; rv:70.0) Gecko/20100101 Firefox/70.0','http://localhost/step-app/public/admin/menu_management/edit-save/13','Update data Settings at Menu Management','<table class=\"table table-striped\"><thead><tr><th>Key</th><th>Old Value</th><th>New Value</th></thead><tbody><tr><td>sorting</td><td></td><td></td></tr></tbody></table>',1,'2019-12-11 14:27:45',NULL),(258,'127.0.0.1','Mozilla/5.0 (X11; Ubuntu; Linux x86_64; rv:70.0) Gecko/20100101 Firefox/70.0','http://localhost/step-app/public/admin/settings','Try view the data :name at Settings','',2,'2019-12-11 14:27:53',NULL),(259,'127.0.0.1','Mozilla/5.0 (X11; Ubuntu; Linux x86_64; rv:70.0) Gecko/20100101 Firefox/70.0','http://localhost/step-app/public/admin/logout','admin@admin.com logout','',2,'2019-12-11 14:28:09',NULL),(260,'127.0.0.1','Mozilla/5.0 (X11; Ubuntu; Linux x86_64; rv:70.0) Gecko/20100101 Firefox/70.0','http://localhost/step-app/public/admin/login','admin@admin.com login with IP Address 127.0.0.1','',2,'2019-12-11 14:28:13',NULL),(261,'127.0.0.1','Mozilla/5.0 (X11; Ubuntu; Linux x86_64; rv:70.0) Gecko/20100101 Firefox/70.0','http://localhost/step-app/public/admin/menu_management/edit-save/13','Update data Settings at Menu Management','<table class=\"table table-striped\"><thead><tr><th>Key</th><th>Old Value</th><th>New Value</th></thead><tbody><tr><td>type</td><td>Module</td><td>Route</td></tr><tr><td>sorting</td><td></td><td></td></tr></tbody></table>',1,'2019-12-11 14:28:38',NULL),(262,'127.0.0.1','Mozilla/5.0 (X11; Ubuntu; Linux x86_64; rv:70.0) Gecko/20100101 Firefox/70.0','http://localhost/step-app/public/admin/menu_management/edit-save/13','Update data Settings at Menu Management','<table class=\"table table-striped\"><thead><tr><th>Key</th><th>Old Value</th><th>New Value</th></thead><tbody><tr><td>type</td><td>Route</td><td>URL</td></tr><tr><td>path</td><td>settings</td><td>/settings/show?group=General+Setting&m=0</td></tr><tr><td>sorting</td><td></td><td></td></tr></tbody></table>',1,'2019-12-11 14:31:32',NULL),(263,'127.0.0.1','Mozilla/5.0 (X11; Ubuntu; Linux x86_64; rv:70.0) Gecko/20100101 Firefox/70.0','http://localhost/step-app/public/admin/menu_management/edit-save/13','Update data Settings at Menu Management','<table class=\"table table-striped\"><thead><tr><th>Key</th><th>Old Value</th><th>New Value</th></thead><tbody><tr><td>path</td><td>/settings/show?group=General+Setting&m=0</td><td>settings/show?group=General+Setting&m=0</td></tr><tr><td>sorting</td><td></td><td></td></tr></tbody></table>',1,'2019-12-11 14:32:04',NULL),(264,'127.0.0.1','Mozilla/5.0 (X11; Ubuntu; Linux x86_64; rv:70.0) Gecko/20100101 Firefox/70.0','http://localhost/step-app/public/admin/menu_management/edit-save/13','Update data Settings at Menu Management','<table class=\"table table-striped\"><thead><tr><th>Key</th><th>Old Value</th><th>New Value</th></thead><tbody><tr><td>path</td><td>settings/show?group=General+Setting&m=0</td><td>admin/settings/show?group=General+Setting&m=0</td></tr><tr><td>sorting</td><td></td><td></td></tr></tbody></table>',1,'2019-12-11 14:32:31',NULL),(265,'127.0.0.1','Mozilla/5.0 (X11; Ubuntu; Linux x86_64; rv:70.0) Gecko/20100101 Firefox/70.0','http://localhost/step-app/public/admin/settings/show','Try view the data Setting at Setting','',2,'2019-12-11 14:32:36',NULL),(266,'127.0.0.1','Mozilla/5.0 (X11; Ubuntu; Linux x86_64; rv:70.0) Gecko/20100101 Firefox/70.0','http://localhost/step-app/public/admin/menu_management/edit-save/13','Update data Settings at Menu Management','<table class=\"table table-striped\"><thead><tr><th>Key</th><th>Old Value</th><th>New Value</th></thead><tbody><tr><td>sorting</td><td></td><td></td></tr></tbody></table>',1,'2019-12-11 14:33:13',NULL),(267,'127.0.0.1','Mozilla/5.0 (X11; Ubuntu; Linux x86_64; rv:70.0) Gecko/20100101 Firefox/70.0','http://localhost/step-app/public/admin/settings/show','Try view the data Setting at Setting','',2,'2019-12-11 14:33:26',NULL),(268,'127.0.0.1','Mozilla/5.0 (X11; Ubuntu; Linux x86_64; rv:70.0) Gecko/20100101 Firefox/70.0','http://localhost/step-app/public/admin/settings/show','Try view the data Setting at Setting','',2,'2019-12-11 14:33:51',NULL),(269,'127.0.0.1','Mozilla/5.0 (X11; Ubuntu; Linux x86_64; rv:70.0) Gecko/20100101 Firefox/70.0','http://localhost/step-app/public/admin/settings/add-save','Add New Data app_settings at Settings','',1,'2019-12-11 14:34:50',NULL),(270,'127.0.0.1','Mozilla/5.0 (X11; Ubuntu; Linux x86_64; rv:70.0) Gecko/20100101 Firefox/70.0','http://localhost/step-app/public/admin/settings/show','Try view the data Setting at Setting','',2,'2019-12-11 14:35:19',NULL),(271,'127.0.0.1','Mozilla/5.0 (X11; Ubuntu; Linux x86_64; rv:70.0) Gecko/20100101 Firefox/70.0','http://localhost/step-app/public/admin/menu_management/edit-save/13','Update data Settings at Menu Management','<table class=\"table table-striped\"><thead><tr><th>Key</th><th>Old Value</th><th>New Value</th></thead><tbody><tr><td>type</td><td>URL</td><td>Route</td></tr><tr><td>path</td><td>admin/settings/show?group=General+Setting&m=0</td><td>settings/show?group=General+Setting&m=0</td></tr><tr><td>sorting</td><td></td><td></td></tr></tbody></table>',1,'2019-12-11 14:46:54',NULL),(272,'127.0.0.1','Mozilla/5.0 (X11; Ubuntu; Linux x86_64; rv:70.0) Gecko/20100101 Firefox/70.0','http://localhost/step-app/public/admin/menu_management/edit-save/13','Update data Settings at Menu Management','<table class=\"table table-striped\"><thead><tr><th>Key</th><th>Old Value</th><th>New Value</th></thead><tbody><tr><td>type</td><td>Route</td><td>URL</td></tr><tr><td>sorting</td><td></td><td></td></tr></tbody></table>',1,'2019-12-11 14:48:07',NULL),(273,'127.0.0.1','Mozilla/5.0 (X11; Ubuntu; Linux x86_64; rv:70.0) Gecko/20100101 Firefox/70.0','http://localhost/step-app/public/admin/menu_management/edit-save/13','Update data Settings at Menu Management','<table class=\"table table-striped\"><thead><tr><th>Key</th><th>Old Value</th><th>New Value</th></thead><tbody><tr><td>path</td><td>settings/show?group=General+Setting&m=0</td><td>admin/settings/show?group=General+Setting&m=0</td></tr><tr><td>sorting</td><td></td><td></td></tr></tbody></table>',1,'2019-12-11 14:48:38',NULL),(274,'127.0.0.1','Mozilla/5.0 (X11; Ubuntu; Linux x86_64; rv:70.0) Gecko/20100101 Firefox/70.0','http://localhost/step-app/public/admin/settings/save-setting','Try view the data Setting at Setting','',2,'2019-12-11 14:50:21',NULL),(275,'127.0.0.1','Mozilla/5.0 (X11; Ubuntu; Linux x86_64; rv:70.0) Gecko/20100101 Firefox/70.0','http://localhost/step-app/public/admin/login','devs@stepapp.com login with IP Address 127.0.0.1','',1,'2019-12-12 07:00:55',NULL),(276,'127.0.0.1','Mozilla/5.0 (X11; Ubuntu; Linux x86_64; rv:70.0) Gecko/20100101 Firefox/70.0','http://localhost/step-app/public/admin/courses/delete-image','Delete the image of Vocabulary at Courses','',1,'2019-12-12 07:40:42',NULL),(277,'::1','Mozilla/5.0 (X11; Linux x86_64) AppleWebKit/537.36 (KHTML, like Gecko) Chrome/77.0.3865.90 Safari/537.36','http://localhost/step-app/public/admin/login','admin@admin.com login with IP Address ::1','',2,'2019-12-12 11:08:42',NULL),(278,'127.0.0.1','Mozilla/5.0 (X11; Ubuntu; Linux x86_64; rv:70.0) Gecko/20100101 Firefox/70.0','http://localhost/step-app/public/admin/login','devs@stepapp.com login with IP Address 127.0.0.1','',1,'2019-12-12 11:11:19',NULL),(279,'127.0.0.1','Mozilla/5.0 (X11; Ubuntu; Linux x86_64; rv:71.0) Gecko/20100101 Firefox/71.0','http://localhost/step-app/public/admin/login','devs@stepapp.com login with IP Address 127.0.0.1','',1,'2019-12-13 06:44:11',NULL),(280,'127.0.0.1','Mozilla/5.0 (X11; Ubuntu; Linux x86_64; rv:71.0) Gecko/20100101 Firefox/71.0','http://localhost/step-app/public/admin/app_users/edit-save/18','Update data Ahsan at Application Users','<table class=\"table table-striped\"><thead><tr><th>Key</th><th>Old Value</th><th>New Value</th></thead><tbody><tr><td>password</td><td></td><td></td></tr><tr><td>phone_number</td><td></td><td></td></tr><tr><td>verification_token</td><td></td><td></td></tr><tr><td>photo</td><td></td><td>uploads/1/2019-12/job.jpeg</td></tr><tr><td>device_token</td><td>erFDmmROhQI:APA91bEIobNoD6-sHfOL6pj8bM8y8BZlA24iQAIaVK6toSfIDpPYlN0Pd0GxfBuKtfqooH8d-buyIz34ZXTPUda6YoYvVADJDD5FD_I63vbKe42W6JOa0S-1PpQ5mMeUIXM3Zq5LIDJa</td><td></td></tr><tr><td>platform_id</td><td>17841426336018263</td><td></td></tr><tr><td>image_url</td><td></td><td></td></tr><tr><td>reset_token</td><td></td><td></td></tr><tr><td>is_notify</td><td></td><td>1</td></tr><tr><td>avg_score</td><td></td><td></td></tr><tr><td>avg_mock_score</td><td></td><td></td></tr><tr><td>badge</td><td></td><td></td></tr><tr><td>last_word_id</td><td></td><td></td></tr><tr><td>deleted_at</td><td></td><td></td></tr></tbody></table>',1,'2019-12-13 10:53:58',NULL),(281,'127.0.0.1','Mozilla/5.0 (X11; Ubuntu; Linux x86_64; rv:71.0) Gecko/20100101 Firefox/71.0','http://localhost/step-app/public/admin/app_users/delete-image','Delete the image of Ahsan at Application Users','',1,'2019-12-13 11:19:38',NULL),(282,'127.0.0.1','Mozilla/5.0 (X11; Ubuntu; Linux x86_64; rv:71.0) Gecko/20100101 Firefox/71.0','http://localhost/step-app/public/admin/app_users/edit-save/18','Update data Ahsan at Application Users','<table class=\"table table-striped\"><thead><tr><th>Key</th><th>Old Value</th><th>New Value</th></thead><tbody><tr><td>password</td><td></td><td></td></tr><tr><td>phone_number</td><td></td><td></td></tr><tr><td>verification_token</td><td></td><td></td></tr><tr><td>photo</td><td></td><td>uploads/1/2019-12/super_admin.png</td></tr><tr><td>device_token</td><td>erFDmmROhQI:APA91bEIobNoD6-sHfOL6pj8bM8y8BZlA24iQAIaVK6toSfIDpPYlN0Pd0GxfBuKtfqooH8d-buyIz34ZXTPUda6YoYvVADJDD5FD_I63vbKe42W6JOa0S-1PpQ5mMeUIXM3Zq5LIDJa</td><td></td></tr><tr><td>platform_id</td><td>17841426336018263</td><td></td></tr><tr><td>image_url</td><td></td><td></td></tr><tr><td>reset_token</td><td></td><td></td></tr><tr><td>avg_score</td><td></td><td></td></tr><tr><td>avg_mock_score</td><td></td><td></td></tr><tr><td>badge</td><td></td><td></td></tr><tr><td>last_word_id</td><td></td><td></td></tr><tr><td>deleted_at</td><td></td><td></td></tr></tbody></table>',1,'2019-12-13 11:19:49',NULL),(283,'127.0.0.1','Mozilla/5.0 (X11; Ubuntu; Linux x86_64; rv:71.0) Gecko/20100101 Firefox/71.0','http://localhost/step-app/public/admin/courses/delete-image','Delete the image of Grammar at Courses','',1,'2019-12-13 11:20:05',NULL),(284,'127.0.0.1','Mozilla/5.0 (X11; Ubuntu; Linux x86_64; rv:71.0) Gecko/20100101 Firefox/71.0','http://localhost/step-app/public/admin/courses/edit-save/5','Update data Grammar at Courses','<table class=\"table table-striped\"><thead><tr><th>Key</th><th>Old Value</th><th>New Value</th></thead><tbody><tr><td>course_type</td><td>lesson</td><td></td></tr><tr><td>icon</td><td></td><td>uploads/1/2019-12/grammer_at_3x.png</td></tr><tr><td>deleted_at</td><td></td><td></td></tr></tbody></table>',1,'2019-12-13 11:20:22',NULL),(285,'127.0.0.1','Mozilla/5.0 (X11; Ubuntu; Linux x86_64; rv:71.0) Gecko/20100101 Firefox/71.0','http://localhost/step-app/public/admin/courses/delete-image','Delete the image of Reading at Courses','',1,'2019-12-13 11:20:27',NULL),(286,'127.0.0.1','Mozilla/5.0 (X11; Ubuntu; Linux x86_64; rv:71.0) Gecko/20100101 Firefox/71.0','http://localhost/step-app/public/admin/courses/edit-save/4','Update data Reading at Courses','<table class=\"table table-striped\"><thead><tr><th>Key</th><th>Old Value</th><th>New Value</th></thead><tbody><tr><td>course_type</td><td>lesson</td><td></td></tr><tr><td>icon</td><td></td><td>uploads/1/2019-12/reading_at_3x.png</td></tr><tr><td>deleted_at</td><td></td><td></td></tr></tbody></table>',1,'2019-12-13 11:20:36',NULL),(287,'127.0.0.1','Mozilla/5.0 (X11; Ubuntu; Linux x86_64; rv:71.0) Gecko/20100101 Firefox/71.0','http://localhost/step-app/public/admin/courses/delete-image','Delete the image of Writing at Courses','',1,'2019-12-13 11:20:43',NULL),(288,'127.0.0.1','Mozilla/5.0 (X11; Ubuntu; Linux x86_64; rv:71.0) Gecko/20100101 Firefox/71.0','http://localhost/step-app/public/admin/courses/edit-save/3','Update data Writing at Courses','<table class=\"table table-striped\"><thead><tr><th>Key</th><th>Old Value</th><th>New Value</th></thead><tbody><tr><td>course_type</td><td>lesson</td><td></td></tr><tr><td>icon</td><td></td><td>uploads/1/2019-12/writing_at_3x.png</td></tr><tr><td>deleted_at</td><td></td><td></td></tr></tbody></table>',1,'2019-12-13 11:20:51',NULL),(289,'127.0.0.1','Mozilla/5.0 (X11; Ubuntu; Linux x86_64; rv:71.0) Gecko/20100101 Firefox/71.0','http://localhost/step-app/public/admin/app_users/edit-save/18','Update data Ahsan at Application Users','<table class=\"table table-striped\"><thead><tr><th>Key</th><th>Old Value</th><th>New Value</th></thead><tbody><tr><td>password</td><td></td><td></td></tr><tr><td>phone_number</td><td></td><td></td></tr><tr><td>verification_token</td><td></td><td></td></tr><tr><td>device_token</td><td>erFDmmROhQI:APA91bEIobNoD6-sHfOL6pj8bM8y8BZlA24iQAIaVK6toSfIDpPYlN0Pd0GxfBuKtfqooH8d-buyIz34ZXTPUda6YoYvVADJDD5FD_I63vbKe42W6JOa0S-1PpQ5mMeUIXM3Zq5LIDJa</td><td></td></tr><tr><td>platform_id</td><td>17841426336018263</td><td></td></tr><tr><td>image_url</td><td></td><td></td></tr><tr><td>reset_token</td><td></td><td></td></tr><tr><td>avg_score</td><td></td><td></td></tr><tr><td>avg_mock_score</td><td></td><td></td></tr><tr><td>badge</td><td></td><td></td></tr><tr><td>last_word_id</td><td></td><td></td></tr><tr><td>deleted_at</td><td></td><td></td></tr></tbody></table>',1,'2019-12-13 11:41:40',NULL),(290,'127.0.0.1','Mozilla/5.0 (X11; Ubuntu; Linux x86_64; rv:71.0) Gecko/20100101 Firefox/71.0','http://localhost/step-app/public/admin/app_users/edit-save/18','Update data Ahsan at Application Users','<table class=\"table table-striped\"><thead><tr><th>Key</th><th>Old Value</th><th>New Value</th></thead><tbody><tr><td>password</td><td></td><td></td></tr><tr><td>phone_number</td><td></td><td></td></tr><tr><td>verification_token</td><td></td><td></td></tr><tr><td>device_token</td><td>erFDmmROhQI:APA91bEIobNoD6-sHfOL6pj8bM8y8BZlA24iQAIaVK6toSfIDpPYlN0Pd0GxfBuKtfqooH8d-buyIz34ZXTPUda6YoYvVADJDD5FD_I63vbKe42W6JOa0S-1PpQ5mMeUIXM3Zq5LIDJa</td><td></td></tr><tr><td>platform_id</td><td>17841426336018263</td><td></td></tr><tr><td>image_url</td><td></td><td></td></tr><tr><td>reset_token</td><td></td><td></td></tr><tr><td>avg_score</td><td></td><td></td></tr><tr><td>avg_mock_score</td><td></td><td></td></tr><tr><td>badge</td><td></td><td></td></tr><tr><td>last_word_id</td><td></td><td></td></tr><tr><td>deleted_at</td><td></td><td></td></tr></tbody></table>',1,'2019-12-13 12:13:59',NULL),(291,'127.0.0.1','Mozilla/5.0 (X11; Ubuntu; Linux x86_64; rv:71.0) Gecko/20100101 Firefox/71.0','http://localhost/step-app/public/admin/login','admin@admin.com login with IP Address 127.0.0.1','',2,'2019-12-16 06:27:12',NULL),(292,'127.0.0.1','Mozilla/5.0 (X11; Ubuntu; Linux x86_64; rv:71.0) Gecko/20100101 Firefox/71.0','http://localhost/step-app/public/admin/logout','admin@admin.com logout','',2,'2019-12-16 06:28:00',NULL),(293,'127.0.0.1','Mozilla/5.0 (X11; Ubuntu; Linux x86_64; rv:71.0) Gecko/20100101 Firefox/71.0','http://localhost/step-app/public/admin/login','devs@stepapp.com login with IP Address 127.0.0.1','',1,'2019-12-16 06:28:05',NULL),(294,'127.0.0.1','Mozilla/5.0 (X11; Ubuntu; Linux x86_64; rv:71.0) Gecko/20100101 Firefox/71.0','http://localhost/step-app/public/admin/menu_management/edit-save/14','Update data App Users at Menu Management','<table class=\"table table-striped\"><thead><tr><th>Key</th><th>Old Value</th><th>New Value</th></thead><tbody><tr><td>color</td><td></td><td>normal</td></tr><tr><td>sorting</td><td>3</td><td></td></tr></tbody></table>',1,'2019-12-16 07:35:55',NULL),(295,'127.0.0.1','Mozilla/5.0 (X11; Ubuntu; Linux x86_64; rv:71.0) Gecko/20100101 Firefox/71.0','http://localhost/step-app/public/admin/menu_management/edit-save/15','Update data Topic Quiz Result at Menu Management','<table class=\"table table-striped\"><thead><tr><th>Key</th><th>Old Value</th><th>New Value</th></thead><tbody><tr><td>color</td><td></td><td>normal</td></tr><tr><td>sorting</td><td>10</td><td></td></tr></tbody></table>',1,'2019-12-16 07:36:27',NULL),(296,'127.0.0.1','Mozilla/5.0 (X11; Ubuntu; Linux x86_64; rv:71.0) Gecko/20100101 Firefox/71.0','http://localhost/step-app/public/admin/menu_management/edit-save/16','Update data Mock Quiz Result at Menu Management','<table class=\"table table-striped\"><thead><tr><th>Key</th><th>Old Value</th><th>New Value</th></thead><tbody><tr><td>color</td><td></td><td>normal</td></tr><tr><td>sorting</td><td>11</td><td></td></tr></tbody></table>',1,'2019-12-16 07:36:37',NULL),(297,'127.0.0.1','Mozilla/5.0 (X11; Ubuntu; Linux x86_64; rv:71.0) Gecko/20100101 Firefox/71.0','http://localhost/step-app/public/admin/login','admin@admin.com login with IP Address 127.0.0.1','',2,'2019-12-16 07:37:01',NULL),(298,'127.0.0.1','Mozilla/5.0 (X11; Ubuntu; Linux x86_64; rv:71.0) Gecko/20100101 Firefox/71.0','http://localhost/step-app/public/admin/app_users','Try view the data :name at Application Users','',2,'2019-12-16 07:37:37',NULL),(299,'127.0.0.1','Mozilla/5.0 (X11; Ubuntu; Linux x86_64; rv:71.0) Gecko/20100101 Firefox/71.0','http://localhost/step-app/public/admin/module_generator/delete/21','Delete data Quiz Summary at Module Generator','',1,'2019-12-16 07:39:41',NULL),(300,'127.0.0.1','Mozilla/5.0 (X11; Ubuntu; Linux x86_64; rv:71.0) Gecko/20100101 Firefox/71.0','http://localhost/step-app/public/admin/app_users','Try view the data :name at Application Users','',2,'2019-12-16 07:40:07',NULL),(301,'127.0.0.1','Mozilla/5.0 (X11; Ubuntu; Linux x86_64; rv:71.0) Gecko/20100101 Firefox/71.0','http://localhost/step-app/public/admin/logout','admin@admin.com logout','',2,'2019-12-16 07:40:12',NULL),(302,'127.0.0.1','Mozilla/5.0 (X11; Ubuntu; Linux x86_64; rv:71.0) Gecko/20100101 Firefox/71.0','http://localhost/step-app/public/admin/login','admin@admin.com login with IP Address 127.0.0.1','',2,'2019-12-16 07:40:16',NULL),(303,'127.0.0.1','Mozilla/5.0 (X11; Ubuntu; Linux x86_64; rv:71.0) Gecko/20100101 Firefox/71.0','http://localhost/step-app/public/admin/courses/edit-save/1','Update data 123232 at Courses','<table class=\"table table-striped\"><thead><tr><th>Key</th><th>Old Value</th><th>New Value</th></thead><tbody><tr><td>course_type</td><td>lesson</td><td></td></tr><tr><td>type</td><td>listening</td><td>123232</td></tr><tr><td>title</td><td>Listening</td><td>123232</td></tr><tr><td>deleted_at</td><td></td><td></td></tr></tbody></table>',1,'2019-12-16 07:43:22',NULL),(304,'127.0.0.1','Mozilla/5.0 (X11; Ubuntu; Linux x86_64; rv:71.0) Gecko/20100101 Firefox/71.0','http://localhost/step-app/public/admin/courses/edit-save/1','Update data Listening at Courses','<table class=\"table table-striped\"><thead><tr><th>Key</th><th>Old Value</th><th>New Value</th></thead><tbody><tr><td>course_type</td><td>lesson</td><td></td></tr><tr><td>type</td><td>123232</td><td>listening</td></tr><tr><td>title</td><td>123232</td><td>Listening</td></tr><tr><td>deleted_at</td><td></td><td></td></tr></tbody></table>',1,'2019-12-16 07:43:31',NULL),(305,'127.0.0.1','Mozilla/5.0 (X11; Ubuntu; Linux x86_64; rv:71.0) Gecko/20100101 Firefox/71.0','http://localhost/step-app/public/admin/courses/edit-save/1','Update data Listening at Courses','<table class=\"table table-striped\"><thead><tr><th>Key</th><th>Old Value</th><th>New Value</th></thead><tbody><tr><td>course_type</td><td>lesson</td><td></td></tr><tr><td>deleted_at</td><td></td><td></td></tr></tbody></table>',1,'2019-12-16 08:04:24',NULL),(306,'127.0.0.1','Mozilla/5.0 (X11; Ubuntu; Linux x86_64; rv:71.0) Gecko/20100101 Firefox/71.0','http://localhost/step-app/public/admin/module_generator/delete/5','Delete data Settings at Module Generator','',1,'2019-12-16 08:11:16',NULL),(307,'127.0.0.1','Mozilla/5.0 (X11; Ubuntu; Linux x86_64; rv:71.0) Gecko/20100101 Firefox/71.0','http://localhost/step-app/public/admin/settings/edit-save/17','Update data  at Settings','<table class=\"table table-striped\"><thead><tr><th>Key</th><th>Old Value</th><th>New Value</th></thead><tbody><tr><td>name</td><td>passing_score</td><td></td></tr><tr><td>content</td><td>40</td><td></td></tr><tr><td>content_input_type</td><td>text</td><td>number</td></tr><tr><td>dataenum</td><td></td><td></td></tr><tr><td>helper</td><td></td><td></td></tr></tbody></table>',1,'2019-12-16 08:12:17',NULL),(308,'127.0.0.1','Mozilla/5.0 (X11; Ubuntu; Linux x86_64; rv:71.0) Gecko/20100101 Firefox/71.0','http://localhost/step-app/public/admin/settings/edit-save/22','Update data  at Settings','<table class=\"table table-striped\"><thead><tr><th>Key</th><th>Old Value</th><th>New Value</th></thead><tbody><tr><td>name</td><td>mock_passing_score</td><td></td></tr><tr><td>content</td><td>50</td><td></td></tr><tr><td>content_input_type</td><td>text</td><td>number</td></tr><tr><td>dataenum</td><td></td><td></td></tr><tr><td>helper</td><td></td><td></td></tr></tbody></table>',1,'2019-12-16 08:12:31',NULL),(309,'127.0.0.1','Mozilla/5.0 (X11; Ubuntu; Linux x86_64; rv:71.0) Gecko/20100101 Firefox/71.0','http://localhost/step-app/public/admin/settings/edit-save/27','Update data  at Settings','<table class=\"table table-striped\"><thead><tr><th>Key</th><th>Old Value</th><th>New Value</th></thead><tbody><tr><td>name</td><td>crown_badge_score</td><td></td></tr><tr><td>content</td><td>80</td><td></td></tr><tr><td>content_input_type</td><td>text</td><td>number</td></tr><tr><td>helper</td><td></td><td></td></tr></tbody></table>',1,'2019-12-16 08:12:41',NULL),(310,'127.0.0.1','Mozilla/5.0 (X11; Ubuntu; Linux x86_64; rv:71.0) Gecko/20100101 Firefox/71.0','http://localhost/step-app/public/admin/settings/edit-save/28','Update data  at Settings','<table class=\"table table-striped\"><thead><tr><th>Key</th><th>Old Value</th><th>New Value</th></thead><tbody><tr><td>name</td><td>gold_badge_score</td><td></td></tr><tr><td>content</td><td>65</td><td></td></tr><tr><td>content_input_type</td><td>text</td><td>number</td></tr><tr><td>helper</td><td></td><td></td></tr></tbody></table>',1,'2019-12-16 08:12:48',NULL),(311,'127.0.0.1','Mozilla/5.0 (X11; Ubuntu; Linux x86_64; rv:71.0) Gecko/20100101 Firefox/71.0','http://localhost/step-app/public/admin/settings/edit-save/29','Update data  at Settings','<table class=\"table table-striped\"><thead><tr><th>Key</th><th>Old Value</th><th>New Value</th></thead><tbody><tr><td>name</td><td>silver_badge_score</td><td></td></tr><tr><td>content</td><td>45</td><td></td></tr><tr><td>content_input_type</td><td>text</td><td>number</td></tr><tr><td>helper</td><td></td><td></td></tr></tbody></table>',1,'2019-12-16 08:12:57',NULL),(312,'127.0.0.1','Mozilla/5.0 (X11; Ubuntu; Linux x86_64; rv:71.0) Gecko/20100101 Firefox/71.0','http://localhost/step-app/public/admin/users/edit-save/2','Update data Admin at Users Management','<table class=\"table table-striped\"><thead><tr><th>Key</th><th>Old Value</th><th>New Value</th></thead><tbody><tr><td>photo</td><td></td><td>uploads/2/2019-12/writing_at_3x.png</td></tr><tr><td>password</td><td>$2y$10$q5d4KD5cZGETeng8eorvuul8wgXN16gTpVSB3TJoLEM/jAmu3qmd.</td><td></td></tr><tr><td>id_cms_privileges</td><td>2</td><td></td></tr><tr><td>status</td><td></td><td></td></tr></tbody></table>',2,'2019-12-16 08:14:10',NULL),(313,'127.0.0.1','Mozilla/5.0 (X11; Ubuntu; Linux x86_64; rv:71.0) Gecko/20100101 Firefox/71.0','http://localhost/step-app/public/admin/logout','admin@admin.com logout','',2,'2019-12-16 08:14:23',NULL),(314,'127.0.0.1','Mozilla/5.0 (X11; Ubuntu; Linux x86_64; rv:71.0) Gecko/20100101 Firefox/71.0','http://localhost/step-app/public/admin/login','admin@admin.com login with IP Address 127.0.0.1','',2,'2019-12-16 08:14:27',NULL),(315,'127.0.0.1','Mozilla/5.0 (X11; Ubuntu; Linux x86_64; rv:71.0) Gecko/20100101 Firefox/71.0','http://localhost/step-app/public/admin/topics/edit-save/4','Update data Topic 4 at Topics','<table class=\"table table-striped\"><thead><tr><th>Key</th><th>Old Value</th><th>New Value</th></thead><tbody><tr><td>deleted_at</td><td></td><td></td></tr></tbody></table>',1,'2019-12-16 13:00:56',NULL),(316,'127.0.0.1','Mozilla/5.0 (X11; Ubuntu; Linux x86_64; rv:71.0) Gecko/20100101 Firefox/71.0','http://localhost/step-app/public/admin/topics/edit-save/1','Update data Topic 1 at Topics','<table class=\"table table-striped\"><thead><tr><th>Key</th><th>Old Value</th><th>New Value</th></thead><tbody><tr><td>deleted_at</td><td></td><td></td></tr></tbody></table>',1,'2019-12-16 13:01:06',NULL),(317,'127.0.0.1','Mozilla/5.0 (X11; Ubuntu; Linux x86_64; rv:71.0) Gecko/20100101 Firefox/71.0','http://localhost/step-app/public/admin/login','devs@stepapp.com login with IP Address 127.0.0.1','',1,'2019-12-17 07:35:05',NULL),(318,'127.0.0.1','Mozilla/5.0 (X11; Ubuntu; Linux x86_64; rv:71.0) Gecko/20100101 Firefox/71.0','http://localhost/step-app/public/admin/vocabulary/add-save','Add New Data  at Vocabulary','',1,'2019-12-17 07:36:27',NULL),(319,'127.0.0.1','Mozilla/5.0 (X11; Ubuntu; Linux x86_64; rv:71.0) Gecko/20100101 Firefox/71.0','http://localhost/step-app/public/admin/vocabulary/edit-save/7','Update data  at Vocabulary','<table class=\"table table-striped\"><thead><tr><th>Key</th><th>Old Value</th><th>New Value</th></thead><tbody><tr><td>course_id</td><td>2</td><td></td></tr><tr><td>deleted_at</td><td></td><td></td></tr></tbody></table>',1,'2019-12-17 07:36:35',NULL),(320,'127.0.0.1','Mozilla/5.0 (X11; Ubuntu; Linux x86_64; rv:71.0) Gecko/20100101 Firefox/71.0','http://localhost/step-app/public/admin/vocabulary/edit-save/7','Update data  at Vocabulary','<table class=\"table table-striped\"><thead><tr><th>Key</th><th>Old Value</th><th>New Value</th></thead><tbody><tr><td>course_id</td><td>2</td><td></td></tr><tr><td>first_word</td><td>Abilitys</td><td>Ability aa</td></tr><tr><td>second_word</td><td>Surprised</td><td>Surprised aa</td></tr><tr><td>deleted_at</td><td></td><td></td></tr></tbody></table>',1,'2019-12-17 07:38:54',NULL),(321,'127.0.0.1','Mozilla/5.0 (X11; Ubuntu; Linux x86_64; rv:71.0) Gecko/20100101 Firefox/71.0','http://localhost/step-app/public/admin/vocabulary/edit-save/7','Update data  at Vocabulary','<table class=\"table table-striped\"><thead><tr><th>Key</th><th>Old Value</th><th>New Value</th></thead><tbody><tr><td>course_id</td><td>2</td><td></td></tr><tr><td>deleted_at</td><td></td><td></td></tr></tbody></table>',1,'2019-12-17 07:38:58',NULL);

/*Table structure for table `cms_menus` */

DROP TABLE IF EXISTS `cms_menus`;

CREATE TABLE `cms_menus` (
  `id` int(10) unsigned NOT NULL AUTO_INCREMENT,
  `name` varchar(255) COLLATE utf8mb4_unicode_ci DEFAULT NULL,
  `type` varchar(255) COLLATE utf8mb4_unicode_ci NOT NULL DEFAULT 'url',
  `path` varchar(255) COLLATE utf8mb4_unicode_ci DEFAULT NULL,
  `color` varchar(255) COLLATE utf8mb4_unicode_ci DEFAULT NULL,
  `icon` varchar(255) COLLATE utf8mb4_unicode_ci DEFAULT NULL,
  `parent_id` int(11) DEFAULT NULL,
  `is_active` tinyint(1) NOT NULL DEFAULT '1',
  `is_dashboard` tinyint(1) NOT NULL DEFAULT '0',
  `id_cms_privileges` int(11) DEFAULT NULL,
  `sorting` int(11) DEFAULT NULL,
  `created_at` timestamp NULL DEFAULT NULL,
  `updated_at` timestamp NULL DEFAULT NULL,
  PRIMARY KEY (`id`)
) ENGINE=InnoDB AUTO_INCREMENT=17 DEFAULT CHARSET=utf8mb4 COLLATE=utf8mb4_unicode_ci;

/*Data for the table `cms_menus` */

insert  into `cms_menus`(`id`,`name`,`type`,`path`,`color`,`icon`,`parent_id`,`is_active`,`is_dashboard`,`id_cms_privileges`,`sorting`,`created_at`,`updated_at`) values (1,'Users Management','Module','users','normal','fa fa-users',0,1,0,1,2,'2019-10-11 11:15:37','2019-10-11 11:22:38'),(2,'Roles Management','Module','privileges','normal','fa fa-user-plus',0,1,0,1,1,'2019-10-11 11:17:36','2019-10-11 11:22:32'),(4,'Content Management','Route','AdminContentPagesControllerGetIndex','normal','fa fa-edit',0,1,0,1,4,'2019-10-11 12:00:08','2019-10-11 13:54:36'),(5,'Courses','Route','AdminCoursesControllerGetIndex','normal','fa fa-sitemap',0,1,0,1,5,'2019-10-11 12:00:38','2019-10-11 13:54:41'),(6,'Lessons','Route','AdminLessonsControllerGetIndex','normal','fa fa-pagelines',0,1,0,1,7,'2019-10-11 12:00:58','2019-10-11 13:54:46'),(10,'Mock Quiz','Route','AdminMockQuizzesControllerGetIndex','normal','fa fa-question-circle',0,1,0,1,9,'2019-10-11 13:55:30','2019-10-11 14:04:03'),(11,'Topics','Route','AdminTopicsControllerGetIndex','normal','fa fa-bell-o',0,1,0,1,6,'2019-11-14 14:02:20','2019-12-11 11:29:46'),(12,'Vocabulary','Route','AdminVocabularyControllerGetIndex','normal','fa fa-book',0,1,0,1,8,'2019-12-03 14:38:48','2019-12-11 11:30:33'),(13,'Settings','URL','admin/settings/show?group=General+Setting&m=0','normal','fa fa-cog',0,1,0,1,12,'2019-12-11 14:27:34','2019-12-11 14:48:38'),(14,'App Users','Route','AdminAppUsersControllerGetIndex','normal','fa fa-user',0,1,0,1,3,'2019-12-13 09:46:52','2019-12-16 07:35:55'),(15,'Topic Quiz Result','Route','AdminQuizResultControllerGetIndex','normal','fa fa-glass',0,1,0,1,10,'2019-12-13 13:33:32','2019-12-16 07:36:27'),(16,'Mock Quiz Result','Route','AdminMockQuizResultControllerGetIndex','normal','fa fa-glass',0,1,0,1,11,'2019-12-13 13:41:39','2019-12-16 07:36:37');

/*Table structure for table `cms_menus_privileges` */

DROP TABLE IF EXISTS `cms_menus_privileges`;

CREATE TABLE `cms_menus_privileges` (
  `id` int(10) unsigned NOT NULL AUTO_INCREMENT,
  `id_cms_menus` int(11) DEFAULT NULL,
  `id_cms_privileges` int(11) DEFAULT NULL,
  PRIMARY KEY (`id`)
) ENGINE=InnoDB AUTO_INCREMENT=54 DEFAULT CHARSET=utf8mb4 COLLATE=utf8mb4_unicode_ci;

/*Data for the table `cms_menus_privileges` */

insert  into `cms_menus_privileges`(`id`,`id_cms_menus`,`id_cms_privileges`) values (4,3,2),(5,3,1),(6,2,2),(7,2,1),(8,1,2),(9,1,1),(14,8,1),(15,9,1),(16,4,2),(17,4,1),(18,5,2),(19,5,1),(20,6,2),(21,6,1),(22,7,2),(23,7,1),(26,10,2),(27,10,1),(31,11,2),(32,11,1),(33,12,2),(34,12,1),(35,NULL,2),(44,13,2),(48,14,2),(49,14,1),(50,15,2),(51,15,1),(52,16,2),(53,16,1);

/*Table structure for table `cms_moduls` */

DROP TABLE IF EXISTS `cms_moduls`;

CREATE TABLE `cms_moduls` (
  `id` int(10) unsigned NOT NULL AUTO_INCREMENT,
  `name` varchar(255) COLLATE utf8mb4_unicode_ci DEFAULT NULL,
  `icon` varchar(255) COLLATE utf8mb4_unicode_ci DEFAULT NULL,
  `path` varchar(255) COLLATE utf8mb4_unicode_ci DEFAULT NULL,
  `table_name` varchar(255) COLLATE utf8mb4_unicode_ci DEFAULT NULL,
  `controller` varchar(255) COLLATE utf8mb4_unicode_ci DEFAULT NULL,
  `is_protected` tinyint(1) NOT NULL DEFAULT '0',
  `is_active` tinyint(1) NOT NULL DEFAULT '0',
  `created_at` timestamp NULL DEFAULT NULL,
  `updated_at` timestamp NULL DEFAULT NULL,
  `deleted_at` timestamp NULL DEFAULT NULL,
  PRIMARY KEY (`id`)
) ENGINE=InnoDB AUTO_INCREMENT=27 DEFAULT CHARSET=utf8mb4 COLLATE=utf8mb4_unicode_ci;

/*Data for the table `cms_moduls` */

insert  into `cms_moduls`(`id`,`name`,`icon`,`path`,`table_name`,`controller`,`is_protected`,`is_active`,`created_at`,`updated_at`,`deleted_at`) values (1,'Notifications','fa fa-cog','notifications','cms_notifications','NotificationsController',1,1,'2019-10-11 11:12:23',NULL,NULL),(2,'Privileges','fa fa-cog','privileges','cms_privileges','PrivilegesController',0,1,'2019-10-11 11:12:23',NULL,NULL),(3,'Privileges Roles','fa fa-cog','privileges_roles','cms_privileges_roles','PrivilegesRolesController',1,1,'2019-10-11 11:12:23',NULL,NULL),(4,'Users Management','fa fa-users','users','cms_users','AdminCmsUsersController',0,1,'2019-10-11 11:12:23',NULL,NULL),(5,'Settings','fa fa-cog','settings','cms_settings','SettingsController',0,1,'2019-10-11 11:12:23',NULL,'2019-12-16 08:11:16'),(6,'Module Generator','fa fa-database','module_generator','cms_moduls','ModulsController',1,1,'2019-10-11 11:12:23',NULL,NULL),(7,'Menu Management','fa fa-bars','menu_management','cms_menus','MenusController',1,1,'2019-10-11 11:12:23',NULL,NULL),(8,'Email Templates','fa fa-envelope-o','email_templates','cms_email_templates','EmailTemplatesController',1,1,'2019-10-11 11:12:23',NULL,NULL),(9,'Statistic Builder','fa fa-dashboard','statistic_builder','cms_statistics','StatisticBuilderController',1,1,'2019-10-11 11:12:23',NULL,NULL),(10,'API Generator','fa fa-cloud-download','api_generator','','ApiCustomController',1,1,'2019-10-11 11:12:23',NULL,NULL),(11,'Log User Access','fa fa-flag-o','logs','cms_logs','LogsController',1,1,'2019-10-11 11:12:23',NULL,NULL),(12,'Content Management','fa fa-edit','content_pages','content_pages','AdminContentPagesController',0,0,'2019-10-11 12:00:08',NULL,NULL),(13,'Courses','fa fa-sitemap','courses','courses','AdminCoursesController',0,0,'2019-10-11 12:00:38',NULL,NULL),(14,'Lessons','fa fa-pagelines','lessons','lessons','AdminLessonsController',0,0,'2019-10-11 12:00:58',NULL,NULL),(15,'Quiz Questions','fa fa-question-circle','quizzes','quizzes','AdminQuizzesController',0,0,'2019-10-11 12:01:21',NULL,NULL),(16,'Options','fa fa-check-square-o','options','options','AdminOptionsController',0,0,'2019-10-11 12:02:07',NULL,NULL),(17,'Lesson Reviews','fa fa-star','reviews','reviews','AdminReviewsController',0,0,'2019-10-11 12:02:34',NULL,NULL),(18,'Mock Quiz','fa fa-question-circle','mock_quizzes','mock_quizzes','AdminMockQuizzesController',0,0,'2019-10-11 13:55:30',NULL,NULL),(19,'Mock Quiz Options','fa fa-check-circle-o','mock_quiz_options','mock_quiz_options','AdminMockQuizOptionsController',0,0,'2019-10-11 13:59:20',NULL,NULL),(20,'Dummy','fa fa-glass','access_tokens','access_tokens','AdminAccessTokensController',0,0,'2019-10-16 09:03:56',NULL,'2019-10-16 09:04:36'),(21,'Quiz Summary','fa fa-gear','quiz_summary','quiz_summary','AdminQuizSummaryController',0,0,'2019-10-31 09:16:43',NULL,'2019-12-16 07:39:41'),(22,'Topics','fa fa-bell-o','topics','topics','AdminTopicsController',0,0,'2019-11-14 14:02:20',NULL,NULL),(23,'Vocabulary','fa fa-book','vocabulary','vocabulary_words','AdminVocabularyController',0,0,'2019-12-03 14:38:48',NULL,NULL),(24,'Application Users','fa fa-cog','app_users','app_users','AdminAppUsersController',0,0,'2019-12-13 09:46:52',NULL,NULL),(25,'Topic Quiz Result','fa fa-glass','quiz_result','quiz_result','AdminQuizResultController',0,0,'2019-12-13 13:33:32',NULL,NULL),(26,'Mock Quiz Result','fa fa-glass','mock_quiz_result','mock_quiz_result','AdminMockQuizResultController',0,0,'2019-12-13 13:41:39',NULL,NULL);

/*Table structure for table `cms_notifications` */

DROP TABLE IF EXISTS `cms_notifications`;

CREATE TABLE `cms_notifications` (
  `id` int(10) unsigned NOT NULL AUTO_INCREMENT,
  `id_cms_users` int(11) DEFAULT NULL,
  `content` varchar(255) COLLATE utf8mb4_unicode_ci DEFAULT NULL,
  `url` varchar(255) COLLATE utf8mb4_unicode_ci DEFAULT NULL,
  `is_read` tinyint(1) DEFAULT NULL,
  `created_at` timestamp NULL DEFAULT NULL,
  `updated_at` timestamp NULL DEFAULT NULL,
  PRIMARY KEY (`id`)
) ENGINE=InnoDB DEFAULT CHARSET=utf8mb4 COLLATE=utf8mb4_unicode_ci;

/*Data for the table `cms_notifications` */

/*Table structure for table `cms_privileges` */

DROP TABLE IF EXISTS `cms_privileges`;

CREATE TABLE `cms_privileges` (
  `id` int(10) unsigned NOT NULL AUTO_INCREMENT,
  `name` varchar(255) COLLATE utf8mb4_unicode_ci DEFAULT NULL,
  `is_superadmin` tinyint(1) DEFAULT NULL,
  `theme_color` varchar(255) COLLATE utf8mb4_unicode_ci DEFAULT NULL,
  `created_at` timestamp NULL DEFAULT NULL,
  `updated_at` timestamp NULL DEFAULT NULL,
  PRIMARY KEY (`id`)
) ENGINE=InnoDB AUTO_INCREMENT=4 DEFAULT CHARSET=utf8mb4 COLLATE=utf8mb4_unicode_ci;

/*Data for the table `cms_privileges` */

insert  into `cms_privileges`(`id`,`name`,`is_superadmin`,`theme_color`,`created_at`,`updated_at`) values (1,'Super Administrator',1,'skin-red','2019-10-11 11:12:23',NULL),(2,'Administrator',0,'skin-black',NULL,NULL),(3,'Support',0,'skin-blue',NULL,NULL);

/*Table structure for table `cms_privileges_roles` */

DROP TABLE IF EXISTS `cms_privileges_roles`;

CREATE TABLE `cms_privileges_roles` (
  `id` int(10) unsigned NOT NULL AUTO_INCREMENT,
  `is_visible` tinyint(1) DEFAULT NULL,
  `is_create` tinyint(1) DEFAULT NULL,
  `is_read` tinyint(1) DEFAULT NULL,
  `is_edit` tinyint(1) DEFAULT NULL,
  `is_delete` tinyint(1) DEFAULT NULL,
  `id_cms_privileges` int(11) DEFAULT NULL,
  `id_cms_moduls` int(11) DEFAULT NULL,
  `created_at` timestamp NULL DEFAULT NULL,
  `updated_at` timestamp NULL DEFAULT NULL,
  PRIMARY KEY (`id`)
) ENGINE=InnoDB AUTO_INCREMENT=81 DEFAULT CHARSET=utf8mb4 COLLATE=utf8mb4_unicode_ci;

/*Data for the table `cms_privileges_roles` */

insert  into `cms_privileges_roles`(`id`,`is_visible`,`is_create`,`is_read`,`is_edit`,`is_delete`,`id_cms_privileges`,`id_cms_moduls`,`created_at`,`updated_at`) values (1,1,0,0,0,0,1,1,'2019-10-11 11:12:23',NULL),(2,1,1,1,1,1,1,2,'2019-10-11 11:12:23',NULL),(3,0,1,1,1,1,1,3,'2019-10-11 11:12:23',NULL),(4,1,1,1,1,1,1,4,'2019-10-11 11:12:23',NULL),(5,1,1,1,1,1,1,5,'2019-10-11 11:12:23',NULL),(6,1,1,1,1,1,1,6,'2019-10-11 11:12:23',NULL),(7,1,1,1,1,1,1,7,'2019-10-11 11:12:23',NULL),(8,1,1,1,1,1,1,8,'2019-10-11 11:12:23',NULL),(9,1,1,1,1,1,1,9,'2019-10-11 11:12:23',NULL),(10,1,1,1,1,1,1,10,'2019-10-11 11:12:23',NULL),(11,1,0,1,0,1,1,11,'2019-10-11 11:12:23',NULL),(14,1,1,1,1,1,1,12,NULL,NULL),(15,1,1,1,1,1,1,13,NULL,NULL),(16,1,1,1,1,1,1,14,NULL,NULL),(17,1,1,1,1,1,1,15,NULL,NULL),(18,1,1,1,1,1,1,16,NULL,NULL),(19,1,1,1,1,1,1,17,NULL,NULL),(20,1,1,1,1,1,1,18,NULL,NULL),(21,1,1,1,1,1,1,19,NULL,NULL),(32,1,1,1,1,1,1,20,NULL,NULL),(33,1,1,1,1,1,1,21,NULL,NULL),(34,1,1,1,1,1,1,22,NULL,NULL),(35,1,1,1,1,1,1,23,NULL,NULL),(48,1,1,1,1,1,3,12,NULL,NULL),(62,1,1,1,1,1,1,24,NULL,NULL),(63,1,1,1,1,1,1,25,NULL,NULL),(64,1,1,1,1,1,1,26,NULL,NULL),(65,1,1,1,1,1,2,24,NULL,NULL),(66,1,1,1,1,1,2,12,NULL,NULL),(67,1,1,1,1,1,2,13,NULL,NULL),(68,1,1,1,1,1,2,17,NULL,NULL),(69,1,1,1,1,1,2,14,NULL,NULL),(70,1,1,1,1,1,2,18,NULL,NULL),(71,1,1,1,1,1,2,19,NULL,NULL),(72,1,1,1,1,1,2,26,NULL,NULL),(73,1,1,1,1,1,2,16,NULL,NULL),(74,1,1,1,1,1,2,2,NULL,NULL),(75,1,1,1,1,1,2,15,NULL,NULL),(76,1,1,1,1,1,2,5,NULL,NULL),(77,1,1,1,1,1,2,25,NULL,NULL),(78,1,1,1,1,1,2,22,NULL,NULL),(79,1,1,1,1,1,2,4,NULL,NULL),(80,1,1,1,1,1,2,23,NULL,NULL);

/*Table structure for table `cms_settings` */

DROP TABLE IF EXISTS `cms_settings`;

CREATE TABLE `cms_settings` (
  `id` int(10) unsigned NOT NULL AUTO_INCREMENT,
  `name` varchar(255) COLLATE utf8mb4_unicode_ci DEFAULT NULL,
  `content` text COLLATE utf8mb4_unicode_ci,
  `content_input_type` varchar(255) COLLATE utf8mb4_unicode_ci DEFAULT NULL,
  `dataenum` varchar(255) COLLATE utf8mb4_unicode_ci DEFAULT NULL,
  `helper` varchar(255) COLLATE utf8mb4_unicode_ci DEFAULT NULL,
  `created_at` timestamp NULL DEFAULT NULL,
  `updated_at` timestamp NULL DEFAULT NULL,
  `group_setting` varchar(255) COLLATE utf8mb4_unicode_ci DEFAULT NULL,
  `label` varchar(255) COLLATE utf8mb4_unicode_ci DEFAULT NULL,
  PRIMARY KEY (`id`)
) ENGINE=InnoDB AUTO_INCREMENT=31 DEFAULT CHARSET=utf8mb4 COLLATE=utf8mb4_unicode_ci;

/*Data for the table `cms_settings` */

insert  into `cms_settings`(`id`,`name`,`content`,`content_input_type`,`dataenum`,`helper`,`created_at`,`updated_at`,`group_setting`,`label`) values (1,'login_background_color',NULL,'text',NULL,'Input hexacode','2019-10-11 11:12:23',NULL,'Login Register Style','Login Background Color'),(2,'login_font_color',NULL,'text',NULL,'Input hexacode','2019-10-11 11:12:23',NULL,'Login Register Style','Login Font Color'),(3,'login_background_image',NULL,'upload_image',NULL,NULL,'2019-10-11 11:12:23',NULL,'Login Register Style','Login Background Image'),(4,'email_sender','support@stepapp.com','text',NULL,NULL,'2019-10-11 11:12:23',NULL,'Email Setting','Email Sender'),(5,'smtp_driver','smtp','select','smtp,mail,sendmail',NULL,'2019-10-11 11:12:23',NULL,'Email Setting','Mail Driver'),(6,'smtp_host','smtp.gmail.com','text',NULL,NULL,'2019-10-11 11:12:23',NULL,'Email Setting','SMTP Host'),(7,'smtp_port','587','text',NULL,'default 25','2019-10-11 11:12:23',NULL,'Email Setting','SMTP Port'),(8,'smtp_username','testsmtp@cubixlabs.com','text',NULL,NULL,'2019-10-11 11:12:23',NULL,'Email Setting','SMTP Username'),(9,'smtp_password','smtp@123','text',NULL,NULL,'2019-10-11 11:12:23',NULL,'Email Setting','SMTP Password'),(10,'appname','Step App','text',NULL,NULL,'2019-10-11 11:12:23',NULL,'Application Setting','Application Name'),(11,'default_paper_size','Legal','text',NULL,'Paper size, ex : A4, Legal, etc','2019-10-11 11:12:23',NULL,'Application Setting','Default Paper Print Size'),(12,'logo',NULL,'upload_image',NULL,NULL,'2019-10-11 11:12:23',NULL,'Application Setting','Logo'),(13,'favicon',NULL,'upload_image',NULL,NULL,'2019-10-11 11:12:23',NULL,'Application Setting','Favicon'),(14,'api_debug_mode','true','select','true,false',NULL,'2019-10-11 11:12:23',NULL,'Application Setting','API Debug Mode'),(15,'google_api_key',NULL,'text',NULL,NULL,'2019-10-11 11:12:23',NULL,'Application Setting','Google API Key'),(16,'google_fcm_key',NULL,'text',NULL,NULL,'2019-10-11 11:12:23',NULL,'Application Setting','Google FCM Key'),(17,'passing_score','40','number',NULL,NULL,'2019-10-16 14:10:07','2019-12-16 08:12:17','General Setting','Passing Score'),(18,'marks_per_question','10','number',NULL,NULL,'2019-10-16 15:00:44',NULL,'General Setting','Marks Per Question'),(22,'mock_passing_score','50','number',NULL,NULL,'2019-10-17 15:26:11','2019-12-16 08:12:31','General Setting','Mock Passing Score'),(23,'mock_marks_per_question','10','text',NULL,NULL,'2019-10-17 15:26:29',NULL,'General Setting','Mock Marks Per Question'),(26,'application_download_url','http://localhost/step-app/public/','text',NULL,NULL,'2019-10-28 14:22:05',NULL,'General Setting','Application Download url'),(27,'crown_badge_score','80','number','crown_badge',NULL,'2019-12-02 13:14:17','2019-12-16 08:12:41','General Setting','Crown Badge Score'),(28,'gold_badge_score','65','number','gold_badge',NULL,'2019-12-03 06:59:26','2019-12-16 08:12:48','General Setting','Gold Badge Score'),(29,'silver_badge_score','45','number','silver_badge',NULL,'2019-12-03 06:59:54','2019-12-16 08:12:57','General Setting','Silver Badge Score'),(30,'app_settings','12233','text',NULL,NULL,'2019-12-11 14:34:50',NULL,'App Settings','App Settings');

/*Table structure for table `cms_statistic_components` */

DROP TABLE IF EXISTS `cms_statistic_components`;

CREATE TABLE `cms_statistic_components` (
  `id` int(10) unsigned NOT NULL AUTO_INCREMENT,
  `id_cms_statistics` int(11) DEFAULT NULL,
  `componentID` varchar(255) COLLATE utf8mb4_unicode_ci DEFAULT NULL,
  `component_name` varchar(255) COLLATE utf8mb4_unicode_ci DEFAULT NULL,
  `area_name` varchar(55) COLLATE utf8mb4_unicode_ci DEFAULT NULL,
  `sorting` int(11) DEFAULT NULL,
  `name` varchar(255) COLLATE utf8mb4_unicode_ci DEFAULT NULL,
  `config` longtext COLLATE utf8mb4_unicode_ci,
  `created_at` timestamp NULL DEFAULT NULL,
  `updated_at` timestamp NULL DEFAULT NULL,
  PRIMARY KEY (`id`)
) ENGINE=InnoDB DEFAULT CHARSET=utf8mb4 COLLATE=utf8mb4_unicode_ci;

/*Data for the table `cms_statistic_components` */

/*Table structure for table `cms_statistics` */

DROP TABLE IF EXISTS `cms_statistics`;

CREATE TABLE `cms_statistics` (
  `id` int(10) unsigned NOT NULL AUTO_INCREMENT,
  `name` varchar(255) COLLATE utf8mb4_unicode_ci DEFAULT NULL,
  `slug` varchar(255) COLLATE utf8mb4_unicode_ci DEFAULT NULL,
  `created_at` timestamp NULL DEFAULT NULL,
  `updated_at` timestamp NULL DEFAULT NULL,
  PRIMARY KEY (`id`)
) ENGINE=InnoDB DEFAULT CHARSET=utf8mb4 COLLATE=utf8mb4_unicode_ci;

/*Data for the table `cms_statistics` */

/*Table structure for table `cms_users` */

DROP TABLE IF EXISTS `cms_users`;

CREATE TABLE `cms_users` (
  `id` int(10) unsigned NOT NULL AUTO_INCREMENT,
  `name` varchar(255) COLLATE utf8mb4_unicode_ci DEFAULT NULL,
  `photo` varchar(255) COLLATE utf8mb4_unicode_ci DEFAULT NULL,
  `email` varchar(255) COLLATE utf8mb4_unicode_ci DEFAULT NULL,
  `password` varchar(255) COLLATE utf8mb4_unicode_ci DEFAULT NULL,
  `id_cms_privileges` int(11) DEFAULT NULL,
  `created_at` timestamp NULL DEFAULT NULL,
  `updated_at` timestamp NULL DEFAULT NULL,
  `status` varchar(50) COLLATE utf8mb4_unicode_ci DEFAULT NULL,
  PRIMARY KEY (`id`)
) ENGINE=InnoDB AUTO_INCREMENT=3 DEFAULT CHARSET=utf8mb4 COLLATE=utf8mb4_unicode_ci;

/*Data for the table `cms_users` */

insert  into `cms_users`(`id`,`name`,`photo`,`email`,`password`,`id_cms_privileges`,`created_at`,`updated_at`,`status`) values (1,'Super Admin',NULL,'devs@stepapp.com','$2y$10$n2Mj0t8sLgwCQiylcbR2iOFQsJXA4sLZbduKWOz9YfQmE7zqotyiO',1,'2019-10-11 11:12:23','2019-10-24 11:47:34','Active'),(2,'Admin','uploads/2/2019-12/writing_at_3x.png','admin@admin.com','$2y$10$q5d4KD5cZGETeng8eorvuul8wgXN16gTpVSB3TJoLEM/jAmu3qmd.',2,'2019-10-11 14:06:05','2019-12-16 08:14:10',NULL);

/*Table structure for table `contact_us` */

DROP TABLE IF EXISTS `contact_us`;

CREATE TABLE `contact_us` (
  `id` int(10) unsigned NOT NULL AUTO_INCREMENT,
  `name` varchar(30) NOT NULL,
  `email` varchar(100) NOT NULL,
  `message` text NOT NULL,
  `created_at` datetime NOT NULL DEFAULT CURRENT_TIMESTAMP,
  `updated_at` datetime DEFAULT NULL,
  PRIMARY KEY (`id`)
) ENGINE=InnoDB AUTO_INCREMENT=2 DEFAULT CHARSET=latin1;

/*Data for the table `contact_us` */

insert  into `contact_us`(`id`,`name`,`email`,`message`,`created_at`,`updated_at`) values (1,'Ahsan','fffgg@gmail.com','dfff','2019-12-11 09:04:50',NULL);

/*Table structure for table `content_pages` */

DROP TABLE IF EXISTS `content_pages`;

CREATE TABLE `content_pages` (
  `id` int(10) NOT NULL AUTO_INCREMENT,
  `type` varchar(255) COLLATE utf8mb4_unicode_ci DEFAULT NULL,
  `title` varchar(255) COLLATE utf8mb4_unicode_ci DEFAULT NULL,
  `content` text COLLATE utf8mb4_unicode_ci,
  `is_active` tinyint(1) DEFAULT '1',
  `created_at` timestamp NULL DEFAULT NULL,
  `updated_at` timestamp NULL DEFAULT NULL,
  `deleted_at` timestamp NULL DEFAULT NULL,
  PRIMARY KEY (`id`)
) ENGINE=InnoDB AUTO_INCREMENT=6 DEFAULT CHARSET=utf8mb4 COLLATE=utf8mb4_unicode_ci;

/*Data for the table `content_pages` */

insert  into `content_pages`(`id`,`type`,`title`,`content`,`is_active`,`created_at`,`updated_at`,`deleted_at`) values (1,'about','About Step App','<p><strong>Lorem Ipsum</strong> is simply dummy text of the printing and \r\ntypesetting industry. Lorem Ipsum has been the industry\'s standard dummy\r\n text ever since the 1500s, when an unknown printer took a galley of \r\ntype and scrambled it to make a type specimen book. It has survived not \r\nonly five centuries.</p><p><strong>Lorem Ipsum</strong> is simply dummy text of the printing and \r\ntypesetting industry. Lorem Ipsum has been the industry\'s standard dummy\r\n text ever since the 1500s, when an unknown printer took a galley of \r\ntype and scrambled it to make a type specimen book. It has survived not \r\nonly five centuries.<br></p>',1,'2019-10-11 13:36:55','2019-11-20 14:07:53',NULL),(2,'terms','Terms of Service','<div style=\"margin: 0px 14.3906px 0px 28.7969px; padding: 0px; width: 436.797px; float: left; font-family: &quot;Open Sans&quot;, Arial, sans-serif;\"><h2 style=\"margin-top: 0px; margin-right: 0px; margin-left: 0px; padding: 0px; line-height: 24px; font-family: DauphinPlain; font-size: 24px;\">What is Lorem Ipsum?</h2><p style=\"margin-bottom: 15px; padding: 0px; text-align: justify;\"><strong style=\"margin: 0px; padding: 0px;\">Lorem Ipsum</strong>&nbsp;is simply dummy text of the printing and typesetting industry. Lorem Ipsum has been the industry\'s standard dummy text ever since the 1500s, when an unknown printer took a galley of type and scrambled it to make a type specimen book. It has survived not only five centuries, but also the leap into electronic typesetting, remaining essentially unchanged. It was popularised in the 1960s with the release of Letraset sheets containing Lorem Ipsum passages, and more recently with desktop publishing software like Aldus PageMaker including versions of Lorem Ipsum.</p></div><div style=\"margin: 0px 28.7969px 0px 14.3906px; padding: 0px; width: 436.797px; float: right; font-family: &quot;Open Sans&quot;, Arial, sans-serif;\"><h2 style=\"margin-top: 0px; margin-right: 0px; margin-left: 0px; padding: 0px; line-height: 24px; font-family: DauphinPlain; font-size: 24px;\">Why do we use it?</h2><p style=\"margin-bottom: 15px; padding: 0px; text-align: justify;\">It is a long established fact that a reader will be distracted by the readable content of a page when looking at its layout. The point of using Lorem Ipsum is that it has a more-or-less normal distribution of letters, as opposed to using \'Content here, content here\', making it look like readable English. Many desktop publishing packages and web page editors now use Lorem Ipsum as their default model text, and a search for \'lorem ipsum\' will uncover many web sites still in their infancy. Various versions have evolved over the years, sometimes by accident, sometimes on purpose (injected humour and the like).</p></div>',1,'2019-10-11 13:37:23',NULL,NULL),(3,'faq','FAQ','<p></p><p>I<span style=\"color: rgb(0, 0, 0); font-family: &quot;Open Sans&quot;, Arial, sans-serif; font-size: 14px; font-style: normal; font-variant-ligatures: normal; font-variant-caps: normal; font-weight: 400; letter-spacing: normal; orphans: 2; text-align: justify; text-indent: 0px; text-transform: none; white-space: normal; widows: 2; word-spacing: 0px; -webkit-text-stroke-width: 0px; background-color: rgb(255, 255, 255); text-decoration-style: initial; text-decoration-color: initial; display: inline !important; float: none;\">t is a long established fact that a reader will be distracted by the readable content of a page when looking at its layout. The point of using Lorem Ipsum is that it has a more-or-less normal distribution of letters, as opposed to using \'Content here, content here\', making it look like readable English. Many desktop publishing packages and web page editors now use Lorem Ipsum as their default model text, and a search for \'lorem ipsum\' will uncover many web sites still in their infancy. Various versions have evolved over the years, sometimes by accident, sometimes on purpose.</span></p><p><span style=\"color: rgb(0, 0, 0); font-family: &quot;Open Sans&quot;, Arial, sans-serif; font-size: 14px; font-style: normal; font-variant-ligatures: normal; font-variant-caps: normal; font-weight: 400; letter-spacing: normal; orphans: 2; text-align: justify; text-indent: 0px; text-transform: none; white-space: normal; widows: 2; word-spacing: 0px; -webkit-text-stroke-width: 0px; background-color: rgb(255, 255, 255); text-decoration-style: initial; text-decoration-color: initial; display: inline !important; float: none;\"><br></span></p><p><span style=\"color: rgb(0, 0, 0); font-family: &quot;Open Sans&quot;, Arial, sans-serif; font-size: 14px; font-style: normal; font-variant-ligatures: normal; font-variant-caps: normal; font-weight: 400; letter-spacing: normal; orphans: 2; text-align: justify; text-indent: 0px; text-transform: none; white-space: normal; widows: 2; word-spacing: 0px; -webkit-text-stroke-width: 0px; background-color: rgb(255, 255, 255); text-decoration-style: initial; text-decoration-color: initial; display: inline !important; float: none;\">t\r\n is a long established fact that a reader will be distracted by the \r\nreadable content of a page when looking at its layout. The point of \r\nusing Lorem Ipsum is that it has a more-or-less normal distribution of \r\nletters, as opposed to using \'Content here, content here\', making it \r\nlook like readable English. Many desktop publishing packages and web \r\npage editors now use Lorem Ipsum as their default model text, and a \r\nsearch for \'lorem ipsum\' will uncover many web sites still in their \r\ninfancy. Various versions have evolved over the years, sometimes by \r\naccident, sometimes on purpose.</span></p><p><span style=\"color: rgb(0, 0, 0); font-family: &quot;Open Sans&quot;, Arial, sans-serif; font-size: 14px; font-style: normal; font-variant-ligatures: normal; font-variant-caps: normal; font-weight: 400; letter-spacing: normal; orphans: 2; text-align: justify; text-indent: 0px; text-transform: none; white-space: normal; widows: 2; word-spacing: 0px; -webkit-text-stroke-width: 0px; background-color: rgb(255, 255, 255); text-decoration-style: initial; text-decoration-color: initial; display: inline !important; float: none;\"><br></span></p><p><span style=\"color: rgb(0, 0, 0); font-family: &quot;Open Sans&quot;, Arial, sans-serif; font-size: 14px; font-style: normal; font-variant-ligatures: normal; font-variant-caps: normal; font-weight: 400; letter-spacing: normal; orphans: 2; text-align: justify; text-indent: 0px; text-transform: none; white-space: normal; widows: 2; word-spacing: 0px; -webkit-text-stroke-width: 0px; background-color: rgb(255, 255, 255); text-decoration-style: initial; text-decoration-color: initial; display: inline !important; float: none;\">t\r\n is a long established fact that a reader will be distracted by the \r\nreadable content of a page when looking at its layout. The point of \r\nusing Lorem Ipsum is that it has a more-or-less normal distribution of \r\nletters, as opposed to using \'Content here, content here\', making it \r\nlook like readable English. Many desktop publishing packages and web \r\npage editors now use Lorem Ipsum as their default model text, and a \r\nsearch for \'lorem ipsum\' will uncover many web sites still in their \r\ninfancy. Various versions have evolved over the years, sometimes by \r\naccident, sometimes on purpose.</span>I<span style=\"color: rgb(0, 0, 0); font-family: &quot;Open Sans&quot;, Arial, sans-serif; font-size: 14px; font-style: normal; font-variant-ligatures: normal; font-variant-caps: normal; font-weight: 400; letter-spacing: normal; orphans: 2; text-align: justify; text-indent: 0px; text-transform: none; white-space: normal; widows: 2; word-spacing: 0px; -webkit-text-stroke-width: 0px; background-color: rgb(255, 255, 255); text-decoration-style: initial; text-decoration-color: initial; display: inline !important; float: none;\"><br></span>I<span style=\"color: rgb(0, 0, 0); font-family: &quot;Open Sans&quot;, Arial, sans-serif; font-size: 14px; font-style: normal; font-variant-ligatures: normal; font-variant-caps: normal; font-weight: 400; letter-spacing: normal; orphans: 2; text-align: justify; text-indent: 0px; text-transform: none; white-space: normal; widows: 2; word-spacing: 0px; -webkit-text-stroke-width: 0px; background-color: rgb(255, 255, 255); text-decoration-style: initial; text-decoration-color: initial; display: inline !important; float: none;\"><br></span></p><p><span style=\"color: rgb(0, 0, 0); font-family: &quot;Open Sans&quot;, Arial, sans-serif; font-size: 14px; font-style: normal; font-variant-ligatures: normal; font-variant-caps: normal; font-weight: 400; letter-spacing: normal; orphans: 2; text-align: justify; text-indent: 0px; text-transform: none; white-space: normal; widows: 2; word-spacing: 0px; -webkit-text-stroke-width: 0px; background-color: rgb(255, 255, 255); text-decoration-style: initial; text-decoration-color: initial; display: inline !important; float: none;\"><br></span></p><p><span style=\"color: rgb(0, 0, 0); font-family: &quot;Open Sans&quot;, Arial, sans-serif; font-size: 14px; font-style: normal; font-variant-ligatures: normal; font-variant-caps: normal; font-weight: 400; letter-spacing: normal; orphans: 2; text-align: justify; text-indent: 0px; text-transform: none; white-space: normal; widows: 2; word-spacing: 0px; -webkit-text-stroke-width: 0px; background-color: rgb(255, 255, 255); text-decoration-style: initial; text-decoration-color: initial; display: inline !important; float: none;\"><br></span></p><span style=\"color: rgb(0, 0, 0); font-family: &quot;Open Sans&quot;, Arial, sans-serif; font-size: 14px; font-style: normal; font-variant-ligatures: normal; font-variant-caps: normal; font-weight: 400; letter-spacing: normal; orphans: 2; text-align: justify; text-indent: 0px; text-transform: none; white-space: normal; widows: 2; word-spacing: 0px; -webkit-text-stroke-width: 0px; background-color: rgb(255, 255, 255); text-decoration-style: initial; text-decoration-color: initial; display: inline !important; float: none;\"></span><br><span style=\"color: rgb(0, 0, 0); font-family: &quot;Open Sans&quot;, Arial, sans-serif; font-size: 14px; font-style: normal; font-variant-ligatures: normal; font-variant-caps: normal; font-weight: 400; letter-spacing: normal; orphans: 2; text-align: justify; text-indent: 0px; text-transform: none; white-space: normal; widows: 2; word-spacing: 0px; -webkit-text-stroke-width: 0px; background-color: rgb(255, 255, 255); text-decoration-style: initial; text-decoration-color: initial; display: inline !important; float: none;\"></span><p><span style=\"color: rgb(0, 0, 0); font-family: &quot;Open Sans&quot;, Arial, sans-serif; font-size: 14px; font-style: normal; font-variant-ligatures: normal; font-variant-caps: normal; font-weight: 400; letter-spacing: normal; orphans: 2; text-align: justify; text-indent: 0px; text-transform: none; white-space: normal; widows: 2; word-spacing: 0px; -webkit-text-stroke-width: 0px; background-color: rgb(255, 255, 255); text-decoration-style: initial; text-decoration-color: initial; display: inline !important; float: none;\"><br></span><br></p><p></p>',1,'2019-10-29 07:23:43','2019-10-29 07:27:28',NULL),(4,'about-quiz','About Quiz','<p>Lorem ipsum dolor sit amet, consectetur adipiscing elit, sed do eiusmod \r\ntempor incididunt ut labore et dolore magna aliqua. Ut enim ad minim \r\nveniam, quis nostrud exercitation ullamco laboris nisi ut aliquip ex ea \r\ncommodo consequat. Duis aute irure dolor in reprehenderit in voluptate \r\nvelit esse cillum dolore eu fugiat nulla pariatur. Excepteur sint \r\noccaecat cupidatat non proident, sunt in culpa qui officia deserunt \r\nmollit anim id est laborum<br></p>',1,'2019-11-20 19:08:43','2019-11-20 14:08:34',NULL),(5,'about-mock-quiz','About Mock Quiz','<p>Lorem ipsum dolor sit amet, consectetur adipiscing elit, sed do eiusmod \r\ntempor incididunt ut labore et dolore magna aliqua. Ut enim ad minim \r\nveniam, quis nostrud exercitation ullamco laboris nisi ut aliquip ex ea \r\ncommodo consequat. Duis aute irure dolor in reprehenderit in voluptate \r\nvelit esse cillum dolore eu fugiat nulla pariatur. Excepteur sint \r\noccaecat cupidatat non proident, sunt in culpa qui officia deserunt \r\nmollit anim id est laborum<br></p>',1,'2019-11-22 18:24:03',NULL,NULL);

/*Table structure for table `courses` */

DROP TABLE IF EXISTS `courses`;

CREATE TABLE `courses` (
  `id` int(10) unsigned NOT NULL AUTO_INCREMENT,
  `course_type` varchar(50) COLLATE utf8mb4_unicode_ci DEFAULT NULL,
  `type` varchar(50) COLLATE utf8mb4_unicode_ci DEFAULT NULL,
  `title` varchar(255) COLLATE utf8mb4_unicode_ci DEFAULT NULL,
  `sort_order` tinyint(2) DEFAULT '1',
  `icon` varchar(255) COLLATE utf8mb4_unicode_ci DEFAULT NULL,
  `is_active` tinyint(1) DEFAULT '1',
  `created_at` timestamp NULL DEFAULT NULL,
  `updated_at` timestamp NULL DEFAULT NULL,
  `deleted_at` timestamp NULL DEFAULT NULL,
  `audio_allowed` tinyint(1) DEFAULT '0',
  PRIMARY KEY (`id`)
) ENGINE=InnoDB AUTO_INCREMENT=6 DEFAULT CHARSET=utf8mb4 COLLATE=utf8mb4_unicode_ci;

/*Data for the table `courses` */

insert  into `courses`(`id`,`course_type`,`type`,`title`,`sort_order`,`icon`,`is_active`,`created_at`,`updated_at`,`deleted_at`,`audio_allowed`) values (1,'lesson','listening','Listening',2,'uploads/1/2019-11/listening_at_3x.png',1,'2019-10-11 12:21:45','2019-12-16 08:04:24',NULL,1),(2,'vocabulary','vocabulary','Vocabulary',1,NULL,1,'2019-10-11 12:22:05','2019-11-08 11:50:48',NULL,0),(3,'lesson','writing','Writing',3,'uploads/1/2019-12/writing_at_3x.png',1,'2019-10-11 12:22:18','2019-12-13 11:20:51',NULL,0),(4,'lesson','reading','Reading',4,'uploads/1/2019-12/reading_at_3x.png',1,'2019-10-11 12:22:41','2019-12-13 11:20:36',NULL,0),(5,'lesson','grammar','Grammar',5,'uploads/1/2019-12/grammer_at_3x.png',1,'2019-10-11 12:22:47','2019-12-13 11:20:22',NULL,0);

/*Table structure for table `lesson_quiz` */

DROP TABLE IF EXISTS `lesson_quiz`;

CREATE TABLE `lesson_quiz` (
  `id` int(11) NOT NULL AUTO_INCREMENT,
  `lesson_id` int(11) DEFAULT NULL,
  `question` varchar(225) DEFAULT NULL,
  `is_active` tinyint(2) DEFAULT '1',
  `created_at` datetime DEFAULT NULL,
  `updated_at` datetime DEFAULT NULL,
  `deleted_at` datetime DEFAULT NULL,
  PRIMARY KEY (`id`)
) ENGINE=InnoDB AUTO_INCREMENT=5 DEFAULT CHARSET=utf8;

/*Data for the table `lesson_quiz` */

insert  into `lesson_quiz`(`id`,`lesson_id`,`question`,`is_active`,`created_at`,`updated_at`,`deleted_at`) values (1,15,'Hi this is quiz.',1,'2019-11-15 18:37:06','2019-12-17 07:51:00',NULL),(2,16,'Hi this is quiz I am testing done.',1,NULL,'2019-12-13 08:01:48',NULL),(3,1,'Lorium Lipsum sassdsd',1,'2019-12-13 08:31:08','2019-12-13 08:44:43',NULL),(4,2,'test',1,'2019-12-13 08:37:47','2019-12-13 08:37:47',NULL);

/*Table structure for table `lesson_quiz_options` */

DROP TABLE IF EXISTS `lesson_quiz_options`;

CREATE TABLE `lesson_quiz_options` (
  `id` int(10) unsigned NOT NULL AUTO_INCREMENT,
  `lesson_id` int(10) unsigned NOT NULL,
  `lesson_quiz_id` int(10) DEFAULT NULL,
  `answer` varchar(255) COLLATE utf8mb4_unicode_ci NOT NULL,
  `is_correct` tinyint(1) NOT NULL DEFAULT '1',
  `is_active` tinyint(1) NOT NULL DEFAULT '1',
  `created_at` timestamp NULL DEFAULT NULL,
  `updated_at` timestamp NULL DEFAULT NULL,
  `deleted_at` timestamp NULL DEFAULT NULL,
  PRIMARY KEY (`id`),
  KEY `options_quiz_id_foreign` (`lesson_id`)
) ENGINE=InnoDB AUTO_INCREMENT=51 DEFAULT CHARSET=utf8mb4 COLLATE=utf8mb4_unicode_ci;

/*Data for the table `lesson_quiz_options` */

insert  into `lesson_quiz_options`(`id`,`lesson_id`,`lesson_quiz_id`,`answer`,`is_correct`,`is_active`,`created_at`,`updated_at`,`deleted_at`) values (11,16,2,'Yes I am testing 1',0,1,'2019-12-13 08:01:48','2019-12-13 08:01:48',NULL),(12,16,2,'Yes I am testing  2',0,1,'2019-12-13 08:01:48','2019-12-13 08:01:48',NULL),(13,16,2,'Yes I am testing  3',1,1,'2019-12-13 08:01:48','2019-12-13 08:01:48',NULL),(14,16,2,'Yes I am testing 4',0,1,'2019-12-13 08:01:48','2019-12-13 08:01:48',NULL),(31,2,4,'test',0,1,'2019-12-13 08:58:45','2019-12-13 08:58:45',NULL),(32,2,4,'test',0,1,'2019-12-13 08:58:45','2019-12-13 08:58:45',NULL),(33,2,4,'test',1,1,'2019-12-13 08:58:45','2019-12-13 08:58:45',NULL),(34,1,3,'Yes I am testing 1',0,1,'2019-12-16 06:27:48','2019-12-16 06:27:48',NULL),(35,1,3,'Yes I am testing  2',1,1,'2019-12-16 06:27:48','2019-12-16 06:27:48',NULL),(48,15,1,'Ans 1',0,1,'2019-12-17 07:52:36','2019-12-17 07:52:36',NULL),(49,15,1,'Ans 2',0,1,'2019-12-17 07:52:36','2019-12-17 07:52:36',NULL),(50,15,1,'Ans 3',1,1,'2019-12-17 07:52:36','2019-12-17 07:52:36',NULL);

/*Table structure for table `lesson_quiz_result` */

DROP TABLE IF EXISTS `lesson_quiz_result`;

CREATE TABLE `lesson_quiz_result` (
  `id` int(11) NOT NULL AUTO_INCREMENT,
  `user_id` int(11) DEFAULT NULL,
  `topic_id` int(11) DEFAULT NULL,
  `lesson_id` int(11) DEFAULT NULL,
  `is_passed` tinyint(2) DEFAULT '0',
  `created_at` datetime DEFAULT NULL,
  `updated_at` datetime DEFAULT NULL,
  `deleted_at` datetime DEFAULT NULL,
  PRIMARY KEY (`id`)
) ENGINE=InnoDB AUTO_INCREMENT=7 DEFAULT CHARSET=utf8;

/*Data for the table `lesson_quiz_result` */

insert  into `lesson_quiz_result`(`id`,`user_id`,`topic_id`,`lesson_id`,`is_passed`,`created_at`,`updated_at`,`deleted_at`) values (1,10,1,15,1,'2019-12-10 15:18:16',NULL,NULL),(2,10,1,16,1,'2019-12-10 15:18:27',NULL,NULL),(3,2,1,15,1,'2019-12-11 08:55:00',NULL,NULL),(4,2,1,16,1,'2019-12-11 08:56:36',NULL,NULL),(5,15,1,15,1,'2019-12-11 09:40:27',NULL,NULL),(6,15,1,16,1,'2019-12-11 09:40:46',NULL,NULL);

/*Table structure for table `lessons` */

DROP TABLE IF EXISTS `lessons`;

CREATE TABLE `lessons` (
  `id` int(10) unsigned NOT NULL AUTO_INCREMENT,
  `topic_id` int(10) DEFAULT NULL,
  `course_id` int(10) unsigned NOT NULL,
  `created_by` int(10) unsigned NOT NULL,
  `title` varchar(255) COLLATE utf8mb4_unicode_ci NOT NULL,
  `overview` varchar(255) COLLATE utf8mb4_unicode_ci NOT NULL,
  `content` text COLLATE utf8mb4_unicode_ci NOT NULL,
  `is_active` tinyint(1) NOT NULL DEFAULT '1',
  `audio_file` text COLLATE utf8mb4_unicode_ci,
  `created_at` timestamp NULL DEFAULT NULL,
  `updated_at` timestamp NULL DEFAULT NULL,
  `deleted_at` timestamp NULL DEFAULT NULL,
  PRIMARY KEY (`id`),
  KEY `lessons_course_id_foreign` (`course_id`),
  KEY `lessons_created_by_foreign` (`created_by`),
  CONSTRAINT `lessons_course_id_foreign` FOREIGN KEY (`course_id`) REFERENCES `courses` (`id`),
  CONSTRAINT `lessons_created_by_foreign` FOREIGN KEY (`created_by`) REFERENCES `cms_users` (`id`)
) ENGINE=InnoDB AUTO_INCREMENT=17 DEFAULT CHARSET=utf8mb4 COLLATE=utf8mb4_unicode_ci;

/*Data for the table `lessons` */

insert  into `lessons`(`id`,`topic_id`,`course_id`,`created_by`,`title`,`overview`,`content`,`is_active`,`audio_file`,`created_at`,`updated_at`,`deleted_at`) values (1,2,3,1,'Grammar Lesson 1','Lorem Ipsum is simply dummy text of the printing and typesetting industry. Lorem Ipsum has been the industry\'s standard dummy text ever since the 1500s, when an unknown printer took a galley of type and scrambled it to make a type specimen book. It has su','Lorem Ipsum is simply dummy text of the printing and typesetting industry. Lorem Ipsum has been the industry\'s standard dummy text ever since the 1500s, when an unknown printer took a galley of type and scrambled it to make a type specimen book. It has su',1,NULL,'2019-10-11 12:54:38','2019-11-15 12:02:58',NULL),(2,2,3,1,'Introduction','There are many variations of passages of Lorem Ipsum available, but the majority have suffered alteration in some form, by injected humour, or randomised words which don\'t look even slightly believable. If you are going to use a passage of Lorem Ipsum','Lorem Ipsum is simply dummy text of the printing and typesetting industry. Lorem Ipsum has been the industry\'s standard dummy text ever since the 1500s, when an unknown printer took a galley of type and scrambled it to make a type specimen book. It has su',1,NULL,'2019-10-18 10:36:37','2019-10-31 07:45:28',NULL),(3,1,1,1,'Listening Lessong','Overview Here','Lorem Ipsum is simply dummy text of the printing and typesetting industry. Lorem Ipsum has been the industry\'s standard dummy text ever since the 1500s, when an unknown printer took a galley of type and scrambled it to make a type specimen book. It has su',1,'uploads/1/2019-10/file_example_mp3_700kb.mp3','2019-10-18 10:38:43',NULL,'2019-10-18 11:18:01'),(4,1,1,1,'Listening Lesson','Lorem Ipsum is simply dummy text of the printing and typesetting industry. Lorem Ipsum has been the industry\'s standard dummy text ever since the 1500s, when an unknown printer took a galley of type and scrambled it to make a type specimen book. It has su','Lorem Ipsum is simply dummy text of the printing and typesetting industry. Lorem Ipsum has been the industry\'s standard dummy text ever since the 1500s, when an unknown printer took a galley of type and scrambled it to make a type specimen book. It has su',1,'uploads/1/2019-10/file_example_mp3_700kb.mp3','2019-10-18 10:49:42',NULL,'2019-10-18 11:18:01'),(5,1,1,1,'Lesson 5','Lorem Ipsum is simply dummy text of the printing and typesetting industry. Lorem Ipsum has been the industry\'s standard dummy text ever since the 1500s, when an unknown printer took a galley of type and scrambled it to make a type specimen book. It has su','Lorem Ipsum is simply dummy text of the printing and typesetting industry. Lorem Ipsum has been the industry\'s standard dummy text ever since the 1500s, when an unknown printer took a galley of type and scrambled it to make a type specimen book. It has su',1,'uploads/1/2019-10/file_example_mp3_700kb.mp3','2019-10-18 10:53:29',NULL,'2019-10-18 11:18:01'),(6,1,1,1,'Lesson 6','Lorem Ipsum is simply dummy text of the printing and typesetting industry. Lorem Ipsum has been the industry\'s standard dummy text ever since the 1500s, when an unknown printer took a galley of type and scrambled it to make a type specimen book. It has su','Lorem Ipsum is simply dummy text of the printing and typesetting industry. Lorem Ipsum has been the industry\'s standard dummy text ever since the 1500s, when an unknown printer took a galley of type and scrambled it to make a type specimen book. It has su',1,'uploads/1/2019-10/file_example_mp3_700kb.mp3','2019-10-18 10:54:40',NULL,'2019-10-18 11:18:01'),(7,1,1,1,'Lesson 7','Lorem Ipsum is simply dummy text of the printing and typesetting industry. Lorem Ipsum has been the industry\'s standard dummy text ever since the 1500s, when an unknown printer took a galley of type and scrambled it to make a type specimen book. It has su','Lorem Ipsum is simply dummy text of the printing and typesetting industry. Lorem Ipsum has been the industry\'s standard dummy text ever since the 1500s, when an unknown printer took a galley of type and scrambled it to make a type specimen book. It has su',1,'uploads/1/2019-10/file_example_mp3_700kb.mp3','2019-10-18 10:56:00',NULL,'2019-10-18 11:18:01'),(8,1,1,1,'Lesson 8','Lorem Ipsum is simply dummy text of the printing and typesetting industry. Lorem Ipsum has been the industry\'s standard dummy text ever since the 1500s, when an unknown printer took a galley of type and scrambled it to make a type specimen book. It has su','Lorem Ipsum is simply dummy text of the printing and typesetting industry. Lorem Ipsum has been the industry\'s standard dummy text ever since the 1500s, when an unknown printer took a galley of type and scrambled it to make a type specimen book. It has su',1,'uploads/1/2019-10/file_example_mp3_700kb.mp3','2019-10-18 11:01:34',NULL,'2019-10-18 11:18:01'),(9,1,1,1,'Lesson 9','Lorem Ipsum is simply dummy text of the printing and typesetting industry. Lorem Ipsum has been the industry\'s standard dummy text ever since the 1500s, when an unknown printer took a galley of type and scrambled it to make a type specimen book. It has su','Lorem Ipsum is simply dummy text of the printing and typesetting industry. Lorem Ipsum has been the industry\'s standard dummy text ever since the 1500s, when an unknown printer took a galley of type and scrambled it to make a type specimen book. It has su',1,'uploads/1/2019-10/file_example_mp3_700kb.mp3','2019-10-18 11:07:44',NULL,'2019-10-18 11:18:01'),(10,1,1,1,'Lesson 10','Lorem Ipsum is simply dummy text of the printing and typesetting industry. Lorem Ipsum has been the industry\'s standard dummy text ever since the 1500s, when an unknown printer took a galley of type and scrambled it to make a type specimen book. It has su','Lorem Ipsum is simply dummy text of the printing and typesetting industry. Lorem Ipsum has been the industry\'s standard dummy text ever since the 1500s, when an unknown printer took a galley of type and scrambled it to make a type specimen book. It has su',1,'uploads/1/2019-10/file_example_mp3_700kb.mp3','2019-10-18 11:09:24',NULL,'2019-10-18 11:18:01'),(11,1,1,1,'Lesson 11','Lorem Ipsum is simply dummy text of the printing and typesetting industry. Lorem Ipsum has been the industry\'s standard dummy text ever since the 1500s, when an unknown printer took a galley of type and scrambled it to make a type specimen book. It has su','Lorem Ipsum is simply dummy text of the printing and typesetting industry. Lorem Ipsum has been the industry\'s standard dummy text ever since the 1500s, when an unknown printer took a galley of type and scrambled it to make a type specimen book. It has su',1,'uploads/1/2019-10/teste_3.pdf','2019-10-18 11:12:28',NULL,'2019-10-18 11:18:01'),(12,1,1,1,'Lesson 12','Lorem Ipsum is simply dummy text of the printing and typesetting industry. Lorem Ipsum has been the industry\'s standard dummy text ever since the 1500s, when an unknown printer took a galley of type and scrambled it to make a type specimen book. It has su','Lorem Ipsum is simply dummy text of the printing and typesetting industry. Lorem Ipsum has been the industry\'s standard dummy text ever since the 1500s, when an unknown printer took a galley of type and scrambled it to make a type specimen book. It has su',1,'uploads/1/2019-10/608420450edcabb9042d4153c4f25b4f.pdf','2019-10-18 11:16:25',NULL,'2019-10-18 11:18:01'),(13,1,1,1,'Lesson 13','Lorem Ipsum is simply dummy text of the printing and typesetting industry. Lorem Ipsum has been the industry\'s standard dummy text ever since the 1500s, when an unknown printer took a galley of type and scrambled it to make a type specimen book. It has su','Lorem Ipsum is simply dummy text of the printing and typesetting industry. Lorem Ipsum has been the industry\'s standard dummy text ever since the 1500s, when an unknown printer took a galley of type and scrambled it to make a type specimen book. It has su',1,'uploads/1/2019-10/07f0dd6664712c88b750c95b27747d78.mp3','2019-10-18 11:16:52',NULL,'2019-10-18 11:18:01'),(14,1,1,1,'Lesson 14','There are many variations of passages of Lorem Ipsum available, but the majority have suffered alteration in some form, by injected humour, or randomised words which don\'t look even slightly believable. If you are going to use a passage of Lorem Ipsum','Lorem Ipsum is simply dummy text of the printing and typesetting industry. Lorem Ipsum has been the industry\'s standard dummy text ever since the 1500s, when an unknown printer took a galley of type and scrambled it to make a type specimen book. It has su',1,NULL,'2019-10-18 11:18:33','2019-10-31 07:44:58','2019-10-31 12:45:21'),(15,1,1,1,'Listening','Lorem Ipsum is simply dummy text of the printing and typesetting industry. Lorem Ipsum has been the industry\'s standard dummy text ever since the 1500s, when an unknown printer took a galley of type and scrambled it to make a type specimen book. It has su','Lorem Ipsum is simply dummy text of the printing and typesetting industry. Lorem Ipsum has been the industry\'s standard dummy text ever since the 1500s, when an unknown printer took a galley of type and scrambled it to make a type specimen book. It has su',1,'uploads/1/2019-10/93d8e38ba4e0dd77a6813928bcffdd91.mp3','2019-10-18 11:22:43','2019-10-31 12:45:16',NULL),(16,1,3,1,'pronunciation','Lorem Ipsum is simply dummy text of the printing and typesetting industry. Lorem Ipsum has been the industry\'s standard dummy text ever since the 1500s, when an unknown printer took a galley of type and scrambled it to make a type specimen book. It has su','Lorem Ipsum is simply dummy text of the printing and typesetting industry. Lorem Ipsum has been the industry\'s standard dummy text ever since the 1500s, when an unknown printer took a galley of type and scrambled it to make a type specimen book. It has su',1,'uploads/1/2019-11/sammi_meri_waar_s08e02.mp3','2019-10-31 12:55:01','2019-11-22 08:00:52',NULL);

/*Table structure for table `migrations` */

DROP TABLE IF EXISTS `migrations`;

CREATE TABLE `migrations` (
  `id` int(10) unsigned NOT NULL AUTO_INCREMENT,
  `migration` varchar(255) COLLATE utf8mb4_unicode_ci NOT NULL,
  `batch` int(11) NOT NULL,
  PRIMARY KEY (`id`)
) ENGINE=InnoDB AUTO_INCREMENT=36 DEFAULT CHARSET=utf8mb4 COLLATE=utf8mb4_unicode_ci;

/*Data for the table `migrations` */

insert  into `migrations`(`id`,`migration`,`batch`) values (1,'2016_08_07_145904_add_table_cms_apicustom',1),(2,'2016_08_07_150834_add_table_cms_dashboard',1),(3,'2016_08_07_151210_add_table_cms_logs',1),(4,'2016_08_07_151211_add_details_cms_logs',1),(5,'2016_08_07_152014_add_table_cms_privileges',1),(6,'2016_08_07_152214_add_table_cms_privileges_roles',1),(7,'2016_08_07_152320_add_table_cms_settings',1),(8,'2016_08_07_152421_add_table_cms_users',1),(9,'2016_08_07_154624_add_table_cms_menus_privileges',1),(10,'2016_08_07_154624_add_table_cms_moduls',1),(11,'2016_08_17_225409_add_status_cms_users',1),(12,'2016_08_20_125418_add_table_cms_notifications',1),(13,'2016_09_04_033706_add_table_cms_email_queues',1),(14,'2016_09_16_035347_add_group_setting',1),(15,'2016_09_16_045425_add_label_setting',1),(16,'2016_09_17_104728_create_nullable_cms_apicustom',1),(17,'2016_10_01_141740_add_method_type_apicustom',1),(18,'2016_10_01_141846_add_parameters_apicustom',1),(19,'2016_10_01_141934_add_responses_apicustom',1),(20,'2016_10_01_144826_add_table_apikey',1),(21,'2016_11_14_141657_create_cms_menus',1),(22,'2016_11_15_132350_create_cms_email_templates',1),(23,'2016_11_15_190410_create_cms_statistics',1),(24,'2016_11_17_102740_create_cms_statistic_components',1),(25,'2017_06_06_164501_add_deleted_at_cms_moduls',1),(26,'2019_10_11_113747_create_courses_table',2),(27,'2019_10_11_113753_create_lessons_table',2),(28,'2019_10_11_114349_create_quizzes_table',2),(29,'2019_10_11_114625_create_options_table',2),(30,'2019_10_11_114959_create_content_pages_table',2),(31,'2019_10_11_115300_create_reviews_table',2),(32,'2019_10_11_134049_create_app_users_table',3),(33,'2019_10_11_134104_create_access_tokens_table',3),(34,'2019_10_11_134847_create_mock_quizzes_table',3),(35,'2019_10_11_134922_create_mock_quiz_options_table',4);

/*Table structure for table `mock_quiz_options` */

DROP TABLE IF EXISTS `mock_quiz_options`;

CREATE TABLE `mock_quiz_options` (
  `id` int(10) unsigned NOT NULL AUTO_INCREMENT,
  `mock_quiz_id` int(10) unsigned NOT NULL,
  `answer` varchar(255) COLLATE utf8mb4_unicode_ci NOT NULL,
  `is_correct` tinyint(1) NOT NULL DEFAULT '1',
  `is_active` tinyint(1) NOT NULL DEFAULT '1',
  `created_at` timestamp NULL DEFAULT NULL,
  `updated_at` timestamp NULL DEFAULT NULL,
  `deleted_at` timestamp NULL DEFAULT NULL,
  PRIMARY KEY (`id`),
  KEY `mock_quiz_options_mock_quiz_id_foreign` (`mock_quiz_id`),
  CONSTRAINT `mock_quiz_options_mock_quiz_id_foreign` FOREIGN KEY (`mock_quiz_id`) REFERENCES `mock_quizzes` (`id`)
) ENGINE=InnoDB AUTO_INCREMENT=21 DEFAULT CHARSET=utf8mb4 COLLATE=utf8mb4_unicode_ci;

/*Data for the table `mock_quiz_options` */

insert  into `mock_quiz_options`(`id`,`mock_quiz_id`,`answer`,`is_correct`,`is_active`,`created_at`,`updated_at`,`deleted_at`) values (1,1,'Option 1',0,1,'2019-10-11 14:04:24',NULL,NULL),(2,1,'Option 2',0,1,'2019-10-11 14:04:28',NULL,NULL),(3,1,'Option 3',1,1,'2019-10-11 14:04:30','2019-10-11 14:04:37',NULL),(4,2,'Options here',0,1,NULL,NULL,NULL),(5,3,'Mock Question 3 Answer 1',1,1,'2019-11-08 13:16:04',NULL,NULL),(6,2,'orem Ipsum is simply dummy',0,1,'2019-11-11 06:48:14','2019-11-11 06:48:48',NULL),(7,2,'orem Ipsum has been the industry\'s standard dummy text ever',0,1,'2019-11-11 06:48:39',NULL,NULL),(8,3,'orem Ipsum has been the industry\'s standard dummy text.',0,1,'2019-11-11 07:15:31',NULL,NULL),(9,3,'Lorem Ipsum is simply dummy',0,1,'2019-11-11 07:16:47',NULL,NULL),(10,4,'The generated Lorem Ipsum is therefore',0,1,'2019-11-11 09:07:45',NULL,NULL),(11,4,'The standard chunk of Lorem Ipsum',1,1,'2019-11-11 09:08:04',NULL,NULL),(12,5,'orem Ipsum has been the industry\'s standard.',0,1,'2019-11-11 09:08:48',NULL,NULL),(13,5,'The standard chunk of Lorem Ipsum',1,1,'2019-11-11 09:09:11',NULL,NULL),(14,5,'Lorem Ipsum is simply dummy',0,1,'2019-11-11 09:09:24',NULL,NULL),(15,6,'Sed ut perspiciatis unde omnis iste natus',0,1,'2019-11-11 09:10:44',NULL,NULL),(16,6,'dolorem eum fugiat quo voluptas nulla pariatur',1,1,'2019-11-11 09:11:02',NULL,NULL),(17,7,'At vero eos et accusamus et iusto odio dignissimos',0,1,'2019-11-11 09:11:32',NULL,NULL),(18,7,'Temporibus autem quibusdam et aut officiis',1,1,'2019-11-11 09:11:44',NULL,NULL),(19,13,'test answer1',1,1,'2019-12-13 09:43:52','2019-12-13 09:43:52',NULL),(20,13,'test answer2',0,1,'2019-12-13 09:43:52','2019-12-13 09:43:52',NULL);

/*Table structure for table `mock_quiz_result` */

DROP TABLE IF EXISTS `mock_quiz_result`;

CREATE TABLE `mock_quiz_result` (
  `id` int(11) NOT NULL AUTO_INCREMENT,
  `total_questions` int(11) NOT NULL,
  `attempted` int(11) NOT NULL,
  `correct` int(11) NOT NULL,
  `wrong` int(11) NOT NULL,
  `score` float(14,2) NOT NULL,
  `user_id` int(11) NOT NULL,
  `status` varchar(10) NOT NULL DEFAULT 'fail',
  `created_at` datetime NOT NULL DEFAULT CURRENT_TIMESTAMP,
  `updated_at` datetime DEFAULT NULL,
  PRIMARY KEY (`id`)
) ENGINE=InnoDB AUTO_INCREMENT=25 DEFAULT CHARSET=latin1;

/*Data for the table `mock_quiz_result` */

insert  into `mock_quiz_result`(`id`,`total_questions`,`attempted`,`correct`,`wrong`,`score`,`user_id`,`status`,`created_at`,`updated_at`) values (1,9,1,0,1,0.00,2,'fail','2019-12-10 09:10:33',NULL),(2,9,6,3,3,33.33,6,'fail','2019-12-10 10:15:20',NULL),(3,9,7,3,4,33.33,6,'fail','2019-12-10 10:17:22',NULL),(4,9,7,4,3,44.44,6,'fail','2019-12-10 10:19:01',NULL),(5,9,7,4,3,44.44,6,'fail','2019-12-10 10:19:17',NULL),(6,9,7,3,4,33.33,2,'fail','2019-12-10 10:25:01',NULL),(7,9,2,2,0,22.22,12,'fail','2019-12-11 09:08:46',NULL),(8,9,6,4,2,44.44,12,'fail','2019-12-11 09:09:44',NULL),(9,9,2,0,2,0.00,12,'fail','2019-12-11 09:13:58',NULL),(10,9,7,4,3,44.44,12,'fail','2019-12-11 09:19:39',NULL),(11,9,7,3,4,33.33,12,'fail','2019-12-11 09:19:58',NULL),(12,9,7,2,5,22.22,12,'fail','2019-12-11 09:20:15',NULL),(13,9,6,3,3,33.33,12,'fail','2019-12-11 09:20:31',NULL),(14,9,7,4,3,44.44,12,'fail','2019-12-11 09:20:52',NULL),(15,9,7,3,4,33.33,12,'fail','2019-12-11 09:21:10',NULL),(16,9,7,4,3,44.44,12,'fail','2019-12-11 09:21:29',NULL),(17,9,7,4,3,44.44,12,'fail','2019-12-11 09:21:47',NULL),(18,9,7,4,3,44.44,12,'fail','2019-12-11 09:22:07',NULL),(19,9,7,4,3,44.44,12,'fail','2019-12-11 09:22:27',NULL),(20,9,5,2,3,22.22,12,'fail','2019-12-11 09:24:18',NULL),(21,9,0,0,0,0.00,12,'fail','2019-12-11 09:24:34',NULL),(22,9,7,3,4,33.33,15,'fail','2019-12-11 09:41:48',NULL),(23,9,7,3,4,33.33,15,'fail','2019-12-11 09:42:17',NULL),(24,9,7,3,4,33.33,15,'fail','2019-12-11 09:42:37',NULL);

/*Table structure for table `mock_quiz_result_detail` */

DROP TABLE IF EXISTS `mock_quiz_result_detail`;

CREATE TABLE `mock_quiz_result_detail` (
  `id` int(11) NOT NULL AUTO_INCREMENT,
  `user_id` int(11) DEFAULT NULL,
  `quiz_result_id` int(11) DEFAULT NULL,
  `course_type` varchar(125) DEFAULT NULL,
  `question_id` int(11) DEFAULT NULL,
  `answer_id` int(11) DEFAULT NULL,
  `is_correct` tinyint(1) DEFAULT '0',
  `created_at` datetime DEFAULT NULL,
  `updated_at` datetime DEFAULT NULL,
  `deleted_at` datetime DEFAULT NULL,
  PRIMARY KEY (`id`)
) ENGINE=InnoDB AUTO_INCREMENT=141 DEFAULT CHARSET=utf8;

/*Data for the table `mock_quiz_result_detail` */

insert  into `mock_quiz_result_detail`(`id`,`user_id`,`quiz_result_id`,`course_type`,`question_id`,`answer_id`,`is_correct`,`created_at`,`updated_at`,`deleted_at`) values (1,2,1,'listening',1,1,0,'2019-12-10 09:10:33','2019-12-10 09:10:33',NULL),(2,6,2,'listening',1,2,0,'2019-12-10 10:15:20','2019-12-10 10:15:20',NULL),(3,6,2,'listening',2,7,0,'2019-12-10 10:15:20','2019-12-10 10:15:20',NULL),(4,6,2,'listening',3,8,0,'2019-12-10 10:15:20','2019-12-10 10:15:20',NULL),(5,6,2,'grammar',4,11,1,'2019-12-10 10:15:20','2019-12-10 10:15:20',NULL),(6,6,2,'grammar',5,13,1,'2019-12-10 10:15:20','2019-12-10 10:15:20',NULL),(7,6,2,'writing',6,16,1,'2019-12-10 10:15:20','2019-12-10 10:15:20',NULL),(8,6,3,'listening',1,2,0,'2019-12-10 10:17:22','2019-12-10 10:17:22',NULL),(9,6,3,'listening',2,7,0,'2019-12-10 10:17:22','2019-12-10 10:17:22',NULL),(10,6,3,'listening',3,5,1,'2019-12-10 10:17:22','2019-12-10 10:17:22',NULL),(11,6,3,'grammar',4,10,0,'2019-12-10 10:17:22','2019-12-10 10:17:22',NULL),(12,6,3,'grammar',5,13,1,'2019-12-10 10:17:22','2019-12-10 10:17:22',NULL),(13,6,3,'writing',6,16,1,'2019-12-10 10:17:23','2019-12-10 10:17:23',NULL),(14,6,3,'writing',7,17,0,'2019-12-10 10:17:23','2019-12-10 10:17:23',NULL),(15,6,4,'listening',1,2,0,'2019-12-10 10:19:02','2019-12-10 10:19:02',NULL),(16,6,4,'listening',2,4,0,'2019-12-10 10:19:02','2019-12-10 10:19:02',NULL),(17,6,4,'listening',3,5,1,'2019-12-10 10:19:02','2019-12-10 10:19:02',NULL),(18,6,4,'grammar',4,10,0,'2019-12-10 10:19:02','2019-12-10 10:19:02',NULL),(19,6,4,'grammar',5,13,1,'2019-12-10 10:19:02','2019-12-10 10:19:02',NULL),(20,6,4,'writing',6,16,1,'2019-12-10 10:19:02','2019-12-10 10:19:02',NULL),(21,6,4,'writing',7,18,1,'2019-12-10 10:19:03','2019-12-10 10:19:03',NULL),(22,6,5,'listening',1,1,0,'2019-12-10 10:19:17','2019-12-10 10:19:17',NULL),(23,6,5,'listening',2,6,0,'2019-12-10 10:19:17','2019-12-10 10:19:17',NULL),(24,6,5,'listening',3,9,0,'2019-12-10 10:19:18','2019-12-10 10:19:18',NULL),(25,6,5,'grammar',4,11,1,'2019-12-10 10:19:18','2019-12-10 10:19:18',NULL),(26,6,5,'grammar',5,13,1,'2019-12-10 10:19:18','2019-12-10 10:19:18',NULL),(27,6,5,'writing',6,16,1,'2019-12-10 10:19:18','2019-12-10 10:19:18',NULL),(28,6,5,'writing',7,18,1,'2019-12-10 10:19:18','2019-12-10 10:19:18',NULL),(29,2,6,'listening',1,2,0,'2019-12-10 10:25:02','2019-12-10 10:25:02',NULL),(30,2,6,'listening',2,4,0,'2019-12-10 10:25:02','2019-12-10 10:25:02',NULL),(31,2,6,'listening',3,8,0,'2019-12-10 10:25:02','2019-12-10 10:25:02',NULL),(32,2,6,'grammar',4,11,1,'2019-12-10 10:25:02','2019-12-10 10:25:02',NULL),(33,2,6,'grammar',5,14,0,'2019-12-10 10:25:02','2019-12-10 10:25:02',NULL),(34,2,6,'writing',6,16,1,'2019-12-10 10:25:02','2019-12-10 10:25:02',NULL),(35,2,6,'writing',7,18,1,'2019-12-10 10:25:02','2019-12-10 10:25:02',NULL),(36,12,7,'grammar',5,13,1,'2019-12-11 09:08:46','2019-12-11 09:08:46',NULL),(37,12,7,'writing',6,16,1,'2019-12-11 09:08:47','2019-12-11 09:08:47',NULL),(38,12,8,'listening',1,3,1,'2019-12-11 09:09:44','2019-12-11 09:09:44',NULL),(39,12,8,'listening',3,9,0,'2019-12-11 09:09:45','2019-12-11 09:09:45',NULL),(40,12,8,'grammar',4,11,1,'2019-12-11 09:09:45','2019-12-11 09:09:45',NULL),(41,12,8,'grammar',5,14,0,'2019-12-11 09:09:46','2019-12-11 09:09:46',NULL),(42,12,8,'writing',6,16,1,'2019-12-11 09:09:46','2019-12-11 09:09:46',NULL),(43,12,8,'writing',7,18,1,'2019-12-11 09:09:46','2019-12-11 09:09:46',NULL),(44,12,9,'listening',1,2,0,'2019-12-11 09:13:58','2019-12-11 09:13:58',NULL),(45,12,9,'listening',2,6,0,'2019-12-11 09:13:58','2019-12-11 09:13:58',NULL),(46,12,10,'listening',1,1,0,'2019-12-11 09:19:39','2019-12-11 09:19:39',NULL),(47,12,10,'listening',2,7,0,'2019-12-11 09:19:39','2019-12-11 09:19:39',NULL),(48,12,10,'listening',3,9,0,'2019-12-11 09:19:39','2019-12-11 09:19:39',NULL),(49,12,10,'grammar',4,11,1,'2019-12-11 09:19:39','2019-12-11 09:19:39',NULL),(50,12,10,'grammar',5,13,1,'2019-12-11 09:19:39','2019-12-11 09:19:39',NULL),(51,12,10,'writing',6,16,1,'2019-12-11 09:19:39','2019-12-11 09:19:39',NULL),(52,12,10,'writing',7,18,1,'2019-12-11 09:19:40','2019-12-11 09:19:40',NULL),(53,12,11,'listening',1,1,0,'2019-12-11 09:19:58','2019-12-11 09:19:58',NULL),(54,12,11,'listening',2,6,0,'2019-12-11 09:19:58','2019-12-11 09:19:58',NULL),(55,12,11,'listening',3,9,0,'2019-12-11 09:19:59','2019-12-11 09:19:59',NULL),(56,12,11,'grammar',4,10,0,'2019-12-11 09:19:59','2019-12-11 09:19:59',NULL),(57,12,11,'grammar',5,13,1,'2019-12-11 09:19:59','2019-12-11 09:19:59',NULL),(58,12,11,'writing',6,16,1,'2019-12-11 09:19:59','2019-12-11 09:19:59',NULL),(59,12,11,'writing',7,18,1,'2019-12-11 09:19:59','2019-12-11 09:19:59',NULL),(60,12,12,'listening',1,2,0,'2019-12-11 09:20:15','2019-12-11 09:20:15',NULL),(61,12,12,'listening',2,7,0,'2019-12-11 09:20:15','2019-12-11 09:20:15',NULL),(62,12,12,'listening',3,9,0,'2019-12-11 09:20:15','2019-12-11 09:20:15',NULL),(63,12,12,'grammar',4,11,1,'2019-12-11 09:20:15','2019-12-11 09:20:15',NULL),(64,12,12,'grammar',5,14,0,'2019-12-11 09:20:15','2019-12-11 09:20:15',NULL),(65,12,12,'writing',6,16,1,'2019-12-11 09:20:15','2019-12-11 09:20:15',NULL),(66,12,12,'writing',7,17,0,'2019-12-11 09:20:15','2019-12-11 09:20:15',NULL),(67,12,13,'listening',1,2,0,'2019-12-11 09:20:31','2019-12-11 09:20:31',NULL),(68,12,13,'listening',2,7,0,'2019-12-11 09:20:31','2019-12-11 09:20:31',NULL),(69,12,13,'listening',3,9,0,'2019-12-11 09:20:31','2019-12-11 09:20:31',NULL),(70,12,13,'grammar',4,11,1,'2019-12-11 09:20:31','2019-12-11 09:20:31',NULL),(71,12,13,'grammar',5,13,1,'2019-12-11 09:20:31','2019-12-11 09:20:31',NULL),(72,12,13,'writing',6,16,1,'2019-12-11 09:20:31','2019-12-11 09:20:31',NULL),(73,12,14,'listening',1,3,1,'2019-12-11 09:20:52','2019-12-11 09:20:52',NULL),(74,12,14,'listening',2,7,0,'2019-12-11 09:20:52','2019-12-11 09:20:52',NULL),(75,12,14,'listening',3,9,0,'2019-12-11 09:20:52','2019-12-11 09:20:52',NULL),(76,12,14,'grammar',4,11,1,'2019-12-11 09:20:53','2019-12-11 09:20:53',NULL),(77,12,14,'grammar',5,14,0,'2019-12-11 09:20:53','2019-12-11 09:20:53',NULL),(78,12,14,'writing',6,16,1,'2019-12-11 09:20:53','2019-12-11 09:20:53',NULL),(79,12,14,'writing',7,18,1,'2019-12-11 09:20:53','2019-12-11 09:20:53',NULL),(80,12,15,'listening',1,3,1,'2019-12-11 09:21:10','2019-12-11 09:21:10',NULL),(81,12,15,'listening',2,6,0,'2019-12-11 09:21:10','2019-12-11 09:21:10',NULL),(82,12,15,'listening',3,9,0,'2019-12-11 09:21:10','2019-12-11 09:21:10',NULL),(83,12,15,'grammar',4,11,1,'2019-12-11 09:21:10','2019-12-11 09:21:10',NULL),(84,12,15,'grammar',5,14,0,'2019-12-11 09:21:11','2019-12-11 09:21:11',NULL),(85,12,15,'writing',6,16,1,'2019-12-11 09:21:11','2019-12-11 09:21:11',NULL),(86,12,15,'writing',7,17,0,'2019-12-11 09:21:11','2019-12-11 09:21:11',NULL),(87,12,16,'listening',1,3,1,'2019-12-11 09:21:29','2019-12-11 09:21:29',NULL),(88,12,16,'listening',2,6,0,'2019-12-11 09:21:29','2019-12-11 09:21:29',NULL),(89,12,16,'listening',3,9,0,'2019-12-11 09:21:29','2019-12-11 09:21:29',NULL),(90,12,16,'grammar',4,11,1,'2019-12-11 09:21:29','2019-12-11 09:21:29',NULL),(91,12,16,'grammar',5,12,0,'2019-12-11 09:21:29','2019-12-11 09:21:29',NULL),(92,12,16,'writing',6,16,1,'2019-12-11 09:21:29','2019-12-11 09:21:29',NULL),(93,12,16,'writing',7,18,1,'2019-12-11 09:21:29','2019-12-11 09:21:29',NULL),(94,12,17,'listening',1,3,1,'2019-12-11 09:21:47','2019-12-11 09:21:47',NULL),(95,12,17,'listening',2,4,0,'2019-12-11 09:21:47','2019-12-11 09:21:47',NULL),(96,12,17,'listening',3,8,0,'2019-12-11 09:21:47','2019-12-11 09:21:47',NULL),(97,12,17,'grammar',4,11,1,'2019-12-11 09:21:47','2019-12-11 09:21:47',NULL),(98,12,17,'grammar',5,14,0,'2019-12-11 09:21:48','2019-12-11 09:21:48',NULL),(99,12,17,'writing',6,16,1,'2019-12-11 09:21:48','2019-12-11 09:21:48',NULL),(100,12,17,'writing',7,18,1,'2019-12-11 09:21:48','2019-12-11 09:21:48',NULL),(101,12,18,'listening',1,3,1,'2019-12-11 09:22:07','2019-12-11 09:22:07',NULL),(102,12,18,'listening',2,6,0,'2019-12-11 09:22:07','2019-12-11 09:22:07',NULL),(103,12,18,'listening',3,9,0,'2019-12-11 09:22:07','2019-12-11 09:22:07',NULL),(104,12,18,'grammar',4,11,1,'2019-12-11 09:22:07','2019-12-11 09:22:07',NULL),(105,12,18,'grammar',5,14,0,'2019-12-11 09:22:07','2019-12-11 09:22:07',NULL),(106,12,18,'writing',6,16,1,'2019-12-11 09:22:07','2019-12-11 09:22:07',NULL),(107,12,18,'writing',7,18,1,'2019-12-11 09:22:08','2019-12-11 09:22:08',NULL),(108,12,19,'listening',1,3,1,'2019-12-11 09:22:27','2019-12-11 09:22:27',NULL),(109,12,19,'listening',2,7,0,'2019-12-11 09:22:27','2019-12-11 09:22:27',NULL),(110,12,19,'listening',3,8,0,'2019-12-11 09:22:27','2019-12-11 09:22:27',NULL),(111,12,19,'grammar',4,11,1,'2019-12-11 09:22:27','2019-12-11 09:22:27',NULL),(112,12,19,'grammar',5,14,0,'2019-12-11 09:22:27','2019-12-11 09:22:27',NULL),(113,12,19,'writing',6,16,1,'2019-12-11 09:22:27','2019-12-11 09:22:27',NULL),(114,12,19,'writing',7,18,1,'2019-12-11 09:22:28','2019-12-11 09:22:28',NULL),(115,12,20,'listening',1,3,1,'2019-12-11 09:24:18','2019-12-11 09:24:18',NULL),(116,12,20,'listening',2,7,0,'2019-12-11 09:24:18','2019-12-11 09:24:18',NULL),(117,12,20,'listening',3,8,0,'2019-12-11 09:24:18','2019-12-11 09:24:18',NULL),(118,12,20,'grammar',4,11,1,'2019-12-11 09:24:18','2019-12-11 09:24:18',NULL),(119,12,20,'grammar',5,14,0,'2019-12-11 09:24:18','2019-12-11 09:24:18',NULL),(120,15,22,'listening',1,1,0,'2019-12-11 09:41:48','2019-12-11 09:41:48',NULL),(121,15,22,'listening',2,4,0,'2019-12-11 09:41:48','2019-12-11 09:41:48',NULL),(122,15,22,'listening',3,8,0,'2019-12-11 09:41:48','2019-12-11 09:41:48',NULL),(123,15,22,'grammar',4,10,0,'2019-12-11 09:41:48','2019-12-11 09:41:48',NULL),(124,15,22,'grammar',5,13,1,'2019-12-11 09:41:48','2019-12-11 09:41:48',NULL),(125,15,22,'writing',6,16,1,'2019-12-11 09:41:48','2019-12-11 09:41:48',NULL),(126,15,22,'writing',7,18,1,'2019-12-11 09:41:48','2019-12-11 09:41:48',NULL),(127,15,23,'listening',1,3,1,'2019-12-11 09:42:17','2019-12-11 09:42:17',NULL),(128,15,23,'listening',2,7,0,'2019-12-11 09:42:17','2019-12-11 09:42:17',NULL),(129,15,23,'listening',3,8,0,'2019-12-11 09:42:17','2019-12-11 09:42:17',NULL),(130,15,23,'grammar',4,10,0,'2019-12-11 09:42:17','2019-12-11 09:42:17',NULL),(131,15,23,'grammar',5,14,0,'2019-12-11 09:42:17','2019-12-11 09:42:17',NULL),(132,15,23,'writing',6,16,1,'2019-12-11 09:42:17','2019-12-11 09:42:17',NULL),(133,15,23,'writing',7,18,1,'2019-12-11 09:42:17','2019-12-11 09:42:17',NULL),(134,15,24,'listening',1,3,1,'2019-12-11 09:42:37','2019-12-11 09:42:37',NULL),(135,15,24,'listening',2,6,0,'2019-12-11 09:42:37','2019-12-11 09:42:37',NULL),(136,15,24,'listening',3,5,1,'2019-12-11 09:42:37','2019-12-11 09:42:37',NULL),(137,15,24,'grammar',4,10,0,'2019-12-11 09:42:37','2019-12-11 09:42:37',NULL),(138,15,24,'grammar',5,12,0,'2019-12-11 09:42:37','2019-12-11 09:42:37',NULL),(139,15,24,'writing',6,15,0,'2019-12-11 09:42:37','2019-12-11 09:42:37',NULL),(140,15,24,'writing',7,18,1,'2019-12-11 09:42:37','2019-12-11 09:42:37',NULL);

/*Table structure for table `mock_quizzes` */

DROP TABLE IF EXISTS `mock_quizzes`;

CREATE TABLE `mock_quizzes` (
  `id` int(10) unsigned NOT NULL AUTO_INCREMENT,
  `course_type` varchar(50) COLLATE utf8mb4_unicode_ci DEFAULT NULL,
  `question` varchar(255) COLLATE utf8mb4_unicode_ci NOT NULL,
  `is_active` tinyint(1) NOT NULL DEFAULT '1',
  `created_at` timestamp NULL DEFAULT NULL,
  `updated_at` timestamp NULL DEFAULT NULL,
  `deleted_at` timestamp NULL DEFAULT NULL,
  PRIMARY KEY (`id`)
) ENGINE=InnoDB AUTO_INCREMENT=14 DEFAULT CHARSET=utf8mb4 COLLATE=utf8mb4_unicode_ci;

/*Data for the table `mock_quizzes` */

insert  into `mock_quizzes`(`id`,`course_type`,`question`,`is_active`,`created_at`,`updated_at`,`deleted_at`) values (1,'listening','Mock Question 1',1,'2019-10-11 14:04:16',NULL,NULL),(2,'listening','Mock Question 2',1,'2019-10-11 14:04:46',NULL,NULL),(3,'listening','Mock Question3',1,'2019-10-11 14:30:37','2019-11-08 13:15:36',NULL),(4,'grammar','Grammar Lesson 1 Question 3ss',1,'2019-10-14 14:31:25','2019-10-14 14:31:25',NULL),(5,'grammar','Grammar Lesson 1 Question 3ss',1,'2019-10-14 14:32:15','2019-10-14 14:32:15',NULL),(6,'writing','Mock Question 6',1,'2019-10-14 14:32:31','2019-11-11 09:10:06',NULL),(7,'writing','Dummy Question',1,'2019-10-16 08:55:28','2019-10-16 08:55:28',NULL),(8,NULL,'ssas',1,'2019-12-03 12:27:30','2019-12-03 12:27:30',NULL),(9,NULL,'ssas',1,'2019-12-03 12:28:32','2019-12-03 12:28:32',NULL),(13,NULL,'Lorium Lipsum test',1,'2019-12-13 09:43:52','2019-12-13 09:43:52',NULL);

/*Table structure for table `mock_summary` */

DROP TABLE IF EXISTS `mock_summary`;

CREATE TABLE `mock_summary` (
  `id` int(11) NOT NULL AUTO_INCREMENT,
  `title` varchar(125) DEFAULT NULL,
  `description` text,
  `is_active` tinyint(2) DEFAULT '1',
  `duration_seconds` int(11) DEFAULT NULL,
  `created_at` datetime DEFAULT NULL,
  `updated_at` datetime DEFAULT NULL,
  `deleted_at` datetime DEFAULT NULL,
  PRIMARY KEY (`id`)
) ENGINE=InnoDB AUTO_INCREMENT=2 DEFAULT CHARSET=utf8;

/*Data for the table `mock_summary` */

insert  into `mock_summary`(`id`,`title`,`description`,`is_active`,`duration_seconds`,`created_at`,`updated_at`,`deleted_at`) values (1,'Mock Test All Category','Contrary to popular belief, Lorem Ipsum is not simply random text. It has roots in a piece of classical Latin literature from 45 BC, making it over 2000 years old. Richard McClintock, a Latin professor at Hampden-Sydney College in Virginia, looked up one of the more obscure Latin words',1,45,'2019-11-11 11:42:27','2019-12-11 14:09:38',NULL);

/*Table structure for table `options` */

DROP TABLE IF EXISTS `options`;

CREATE TABLE `options` (
  `id` int(10) unsigned NOT NULL AUTO_INCREMENT,
  `quiz_id` int(10) unsigned NOT NULL,
  `answer` varchar(255) COLLATE utf8mb4_unicode_ci NOT NULL,
  `is_correct` tinyint(1) NOT NULL DEFAULT '1',
  `is_active` tinyint(1) NOT NULL DEFAULT '1',
  `created_at` timestamp NULL DEFAULT NULL,
  `updated_at` timestamp NULL DEFAULT NULL,
  `deleted_at` timestamp NULL DEFAULT NULL,
  PRIMARY KEY (`id`),
  KEY `options_quiz_id_foreign` (`quiz_id`),
  CONSTRAINT `options_quiz_id_foreign` FOREIGN KEY (`quiz_id`) REFERENCES `quizzes` (`id`)
) ENGINE=InnoDB AUTO_INCREMENT=72 DEFAULT CHARSET=utf8mb4 COLLATE=utf8mb4_unicode_ci;

/*Data for the table `options` */

insert  into `options`(`id`,`quiz_id`,`answer`,`is_correct`,`is_active`,`created_at`,`updated_at`,`deleted_at`) values (1,2,'Option 1',0,1,'2019-10-11 13:21:30','2019-10-11 13:29:31',NULL),(2,2,'Option 2',1,1,'2019-10-11 13:29:43','2019-10-11 13:30:26',NULL),(3,2,'Option 3',0,1,'2019-10-11 13:29:49',NULL,NULL),(37,34,'ss',1,1,'2019-10-14 12:21:01','2019-10-14 12:21:01',NULL),(38,34,'aa',0,1,'2019-10-14 12:21:01','2019-10-14 12:21:01',NULL),(39,35,'ss',1,1,'2019-10-14 12:22:32','2019-10-14 12:22:32',NULL),(40,35,'aa',0,1,'2019-10-14 12:22:32','2019-10-14 12:22:32',NULL),(41,36,'55',0,1,'2019-10-15 07:23:29','2019-10-15 07:23:29',NULL),(42,36,'44',1,1,'2019-10-15 07:23:29','2019-10-15 07:23:29',NULL),(43,36,'33',0,1,'2019-10-15 07:23:29','2019-10-15 07:23:29',NULL),(44,36,'ee',0,1,'2019-10-15 07:23:29','2019-10-15 07:23:29',NULL),(45,37,'2',1,1,'2019-10-15 07:39:32','2019-10-15 07:39:32',NULL),(46,37,'ss',0,1,'2019-10-15 07:39:32','2019-10-15 07:39:32',NULL),(47,38,'sdfddf',1,1,'2019-10-15 07:43:27','2019-10-15 07:43:27',NULL),(48,38,'fssfd',0,1,'2019-10-15 07:43:27','2019-10-15 07:43:27',NULL),(49,38,'sfd',0,1,'2019-10-15 07:43:27','2019-10-15 07:43:27',NULL),(50,45,'Op 1',1,1,'2019-10-18 12:37:16','2019-10-18 12:37:16',NULL),(51,45,'Op 2',0,1,'2019-10-18 12:37:16','2019-10-18 12:37:16',NULL),(52,45,'Op 3',0,1,'2019-10-18 12:37:16','2019-10-18 12:37:16',NULL),(53,46,'Option 1',1,1,'2019-10-18 17:42:18','2019-10-18 17:42:18',NULL),(54,46,'Option 2',0,1,'2019-10-18 17:42:18','2019-10-18 17:42:18',NULL),(55,47,'Option 3',1,1,'2019-10-18 17:42:56','2019-10-18 17:42:56',NULL),(56,47,'dfasf',0,1,'2019-10-18 17:42:56','2019-10-18 17:42:56',NULL),(57,48,'test answer1',0,1,'2019-10-31 09:49:32','2019-10-31 09:49:32',NULL),(58,48,'test answer2',1,1,'2019-10-31 09:49:32','2019-10-31 09:49:32',NULL),(59,1,'Grammar Lesson 1 Answer 1',0,1,'2019-10-31 15:05:03',NULL,NULL),(60,1,'Grammar Lesson 1 Answer 2',1,1,'2019-10-31 15:05:24',NULL,NULL),(61,49,'Option 1 ttt',0,1,'2019-12-13 09:32:55','2019-12-13 09:32:55',NULL),(62,49,'Option 2 tt',1,1,'2019-12-13 09:32:55','2019-12-13 09:32:55',NULL),(63,49,'Option3 ttt',0,1,'2019-12-13 09:32:55','2019-12-13 09:32:55',NULL),(64,50,'Option 1 ttt',1,1,'2019-12-13 09:35:22','2019-12-13 09:35:22',NULL),(65,50,'Option 2 tt',0,1,'2019-12-13 09:35:22','2019-12-13 09:35:22',NULL),(66,51,'Option 1 ttt',1,1,'2019-12-13 09:36:36','2019-12-13 09:36:36',NULL),(67,51,'Option 1 ttt',0,1,'2019-12-13 09:36:36','2019-12-13 09:36:36',NULL),(68,52,'test',0,1,'2019-12-17 07:57:52','2019-12-17 07:57:52',NULL),(69,52,'Option test 1',1,1,'2019-12-17 07:57:52','2019-12-17 07:57:52',NULL),(70,53,'test',1,1,'2019-12-17 08:03:52','2019-12-17 08:03:52',NULL),(71,53,'test',0,1,'2019-12-17 08:03:52','2019-12-17 08:03:52',NULL);

/*Table structure for table `quiz_result` */

DROP TABLE IF EXISTS `quiz_result`;

CREATE TABLE `quiz_result` (
  `id` int(11) NOT NULL AUTO_INCREMENT,
  `total_questions` int(11) NOT NULL,
  `attempted` int(11) NOT NULL,
  `correct` int(11) NOT NULL,
  `wrong` int(11) NOT NULL,
  `score` decimal(14,2) NOT NULL,
  `course_id` int(11) DEFAULT NULL,
  `topic_id` int(11) NOT NULL,
  `user_id` int(11) NOT NULL,
  `status` varchar(10) NOT NULL DEFAULT 'fail',
  `created_at` datetime NOT NULL DEFAULT CURRENT_TIMESTAMP,
  `updated_at` datetime DEFAULT NULL,
  PRIMARY KEY (`id`)
) ENGINE=InnoDB AUTO_INCREMENT=4 DEFAULT CHARSET=latin1;

/*Data for the table `quiz_result` */

insert  into `quiz_result`(`id`,`total_questions`,`attempted`,`correct`,`wrong`,`score`,`course_id`,`topic_id`,`user_id`,`status`,`created_at`,`updated_at`) values (1,7,7,3,4,'42.86',1,1,10,'pass','2019-12-10 15:19:15',NULL),(2,7,7,1,6,'14.29',1,1,2,'fail','2019-12-11 08:59:22',NULL),(3,7,7,5,2,'71.43',1,1,15,'pass','2019-12-11 09:41:17',NULL);

/*Table structure for table `quiz_summary` */

DROP TABLE IF EXISTS `quiz_summary`;

CREATE TABLE `quiz_summary` (
  `id` int(11) NOT NULL AUTO_INCREMENT,
  `topic_id` int(14) DEFAULT NULL,
  `title` varchar(125) DEFAULT NULL,
  `description` text,
  `duration_seconds` int(14) DEFAULT NULL,
  `is_active` tinyint(2) DEFAULT '0',
  `created_at` datetime DEFAULT NULL,
  `updated_at` datetime DEFAULT NULL,
  `deleted_at` datetime DEFAULT NULL,
  PRIMARY KEY (`id`)
) ENGINE=InnoDB AUTO_INCREMENT=3 DEFAULT CHARSET=utf8;

/*Data for the table `quiz_summary` */

insert  into `quiz_summary`(`id`,`topic_id`,`title`,`description`,`duration_seconds`,`is_active`,`created_at`,`updated_at`,`deleted_at`) values (1,1,'Grammar Lesson','Lorem Ipsum is simply dummy text of the printing and typesetting industry. Lorem Ipsum has been the industry\'s standard dummy text ever since the 1500s, when an unknown printer took a galley of type and scrambled it to make a type specimen book.',60,1,'2019-10-31 12:43:12','2019-12-17 07:54:11',NULL),(2,2,'Listening Lesson1 Quiz','Lorem Ipsum is simply dummy text of the printing and typesetting industry. Lorem Ipsum has been the industry\'s standard dummy text ever since the 1500s, when an unknown printer took a galley of type and scrambled it to make a type specimen book. It has survived not only five centuries ss',45,1,'2019-10-31 12:45:38','2019-10-31 12:45:53',NULL);

/*Table structure for table `quizzes` */

DROP TABLE IF EXISTS `quizzes`;

CREATE TABLE `quizzes` (
  `id` int(10) unsigned NOT NULL AUTO_INCREMENT,
  `topic_id` int(10) unsigned NOT NULL,
  `question` varchar(255) COLLATE utf8mb4_unicode_ci NOT NULL,
  `is_active` tinyint(1) NOT NULL DEFAULT '1',
  `created_at` timestamp NULL DEFAULT NULL,
  `updated_at` timestamp NULL DEFAULT NULL,
  `deleted_at` timestamp NULL DEFAULT NULL,
  PRIMARY KEY (`id`)
) ENGINE=InnoDB AUTO_INCREMENT=54 DEFAULT CHARSET=utf8mb4 COLLATE=utf8mb4_unicode_ci;

/*Data for the table `quizzes` */

insert  into `quizzes`(`id`,`topic_id`,`question`,`is_active`,`created_at`,`updated_at`,`deleted_at`) values (1,1,'Grammar Lesson 1 Question 1',1,'2019-10-11 12:59:49','2019-10-11 12:59:54',NULL),(2,1,'Grammar Lesson 1 Question 2',1,'2019-10-11 13:20:35',NULL,NULL),(10,1,'Grammar Lesson 1 Question 3',1,'2019-10-14 07:34:35','2019-10-14 07:43:03','2019-10-14 12:13:02'),(11,1,'Grammar Lesson 1 Question 4',1,'2019-10-14 10:34:18','2019-10-14 10:34:18','2019-10-14 12:12:55'),(34,1,'Grammar Lesson 1 Question 3',1,'2019-10-14 12:21:01','2019-10-14 12:21:01',NULL),(35,1,'Grammar Lesson 1 Question 3s',1,'2019-10-14 12:22:32','2019-10-14 12:22:32',NULL),(36,1,'Grammar Lesson 1 Question 35',1,'2019-10-15 07:23:29','2019-10-15 07:23:29',NULL),(37,1,'Grammar Lesson 1 Question 3566',1,'2019-10-15 07:39:32','2019-10-15 07:39:32',NULL),(38,1,'Grammar Lesson 1 Question 4sfgs',1,'2019-10-15 07:43:27','2019-10-15 07:43:27',NULL),(44,2,'fasdfasdf',1,'2019-10-18 12:36:31','2019-10-18 12:36:31','2019-11-20 11:33:06'),(45,2,'Question for Listening',1,'2019-10-18 12:37:16','2019-10-18 12:37:16',NULL),(46,2,'Another Question Bro',1,'2019-10-18 17:42:18','2019-10-18 17:42:18',NULL),(47,2,'Some New questions',1,'2019-10-18 17:42:56','2019-10-18 17:42:56',NULL),(48,2,'I am just testing?',1,'2019-10-31 09:49:32','2019-10-31 09:49:32',NULL),(49,1,'Testing Topic 1',1,'2019-12-13 09:32:55','2019-12-13 09:32:55',NULL),(50,1,'Testing Topic2',1,'2019-12-13 09:35:22','2019-12-13 09:35:22',NULL),(51,1,'Testing Topic 4',1,'2019-12-13 09:36:36','2019-12-13 09:36:36',NULL),(52,1,'Testing Topic 4',1,'2019-12-17 07:57:52','2019-12-17 07:57:52',NULL),(53,1,'Testing Topic 4 aa',1,'2019-12-17 08:03:52','2019-12-17 08:03:52',NULL);

/*Table structure for table `read_words` */

DROP TABLE IF EXISTS `read_words`;

CREATE TABLE `read_words` (
  `id` int(11) NOT NULL AUTO_INCREMENT,
  `user_id` int(11) DEFAULT NULL,
  `word_id` int(11) DEFAULT NULL,
  `is_read` tinyint(2) DEFAULT '0',
  `created_at` datetime DEFAULT NULL,
  `updated_at` datetime DEFAULT NULL,
  `deleted_at` datetime DEFAULT NULL,
  PRIMARY KEY (`id`),
  KEY `WORD_USERID` (`user_id`),
  KEY `WORD_ID` (`word_id`)
) ENGINE=InnoDB AUTO_INCREMENT=31 DEFAULT CHARSET=utf8;

/*Data for the table `read_words` */

insert  into `read_words`(`id`,`user_id`,`word_id`,`is_read`,`created_at`,`updated_at`,`deleted_at`) values (1,21,1,1,'2019-12-09 09:47:43',NULL,NULL),(2,21,2,1,'2019-12-09 09:48:16',NULL,NULL),(3,21,3,1,'2019-12-09 09:49:05',NULL,NULL),(4,21,4,1,'2019-12-09 09:49:10',NULL,NULL),(5,21,5,1,'2019-12-09 10:01:15',NULL,NULL),(6,21,6,1,'2019-12-09 10:01:16',NULL,NULL),(7,24,3,1,'2019-12-09 10:55:05',NULL,NULL),(8,24,5,1,'2019-12-09 10:55:19',NULL,NULL),(9,24,6,1,'2019-12-09 10:55:29',NULL,NULL),(10,14,2,1,'2019-12-09 12:04:06',NULL,NULL),(11,14,3,1,'2019-12-09 12:04:08',NULL,NULL),(12,14,6,1,'2019-12-09 12:05:04',NULL,NULL),(13,27,6,1,'2019-12-09 13:04:03',NULL,NULL),(14,14,4,1,'2019-12-09 15:20:23',NULL,NULL),(15,14,5,1,'2019-12-09 15:20:38',NULL,NULL),(16,29,1,1,'2019-12-10 07:35:25',NULL,NULL),(17,2,1,1,'2019-12-10 09:04:45',NULL,NULL),(18,2,4,1,'2019-12-10 09:07:26',NULL,NULL),(19,2,5,1,'2019-12-10 09:07:28',NULL,NULL),(20,2,6,1,'2019-12-10 09:07:29',NULL,NULL),(21,2,2,1,'2019-12-10 09:07:43',NULL,NULL),(22,2,3,1,'2019-12-10 09:07:44',NULL,NULL),(23,3,1,1,'2019-12-10 09:33:52',NULL,NULL),(24,3,4,1,'2019-12-10 09:48:22',NULL,NULL),(25,6,1,1,'2019-12-10 10:14:25',NULL,NULL),(26,6,2,1,'2019-12-10 10:14:27',NULL,NULL),(27,6,3,1,'2019-12-10 10:14:29',NULL,NULL),(28,6,4,1,'2019-12-10 10:14:30',NULL,NULL),(29,6,5,1,'2019-12-10 10:14:32',NULL,NULL),(30,6,6,1,'2019-12-10 10:14:33',NULL,NULL);

/*Table structure for table `reviews` */

DROP TABLE IF EXISTS `reviews`;

CREATE TABLE `reviews` (
  `id` int(10) unsigned NOT NULL AUTO_INCREMENT,
  `review_by` int(10) unsigned NOT NULL,
  `topic_id` int(10) DEFAULT NULL,
  `lesson_id` int(10) unsigned DEFAULT NULL,
  `rating` varchar(255) COLLATE utf8mb4_unicode_ci DEFAULT NULL,
  `review` varchar(255) COLLATE utf8mb4_unicode_ci DEFAULT NULL,
  `is_active` tinyint(1) DEFAULT '1',
  `created_at` timestamp NULL DEFAULT NULL,
  `updated_at` timestamp NULL DEFAULT NULL,
  `deleted_at` timestamp NULL DEFAULT NULL,
  PRIMARY KEY (`id`),
  KEY `fk_reviews_1_idx` (`review_by`),
  KEY `fk_reviews_2_idx` (`lesson_id`),
  CONSTRAINT `reviews_lesson_id_foreign` FOREIGN KEY (`lesson_id`) REFERENCES `lessons` (`id`) ON DELETE NO ACTION ON UPDATE NO ACTION
) ENGINE=InnoDB AUTO_INCREMENT=3 DEFAULT CHARSET=utf8mb4 COLLATE=utf8mb4_unicode_ci;

/*Data for the table `reviews` */

insert  into `reviews`(`id`,`review_by`,`topic_id`,`lesson_id`,`rating`,`review`,`is_active`,`created_at`,`updated_at`,`deleted_at`) values (1,2,1,16,'1','cccccccfg fftggfggggggggg\n cfggccvgg cggvvvv gghgggggh',1,'2019-12-11 08:58:46',NULL,NULL),(2,15,1,16,'5',NULL,1,'2019-12-11 09:40:53',NULL,NULL);

/*Table structure for table `topics` */

DROP TABLE IF EXISTS `topics`;

CREATE TABLE `topics` (
  `id` int(14) NOT NULL AUTO_INCREMENT,
  `course_id` int(11) DEFAULT NULL,
  `title` varchar(255) DEFAULT NULL,
  `is_active` tinyint(2) DEFAULT '1',
  `created_at` datetime DEFAULT NULL,
  `updated_at` datetime DEFAULT NULL,
  `deleted_at` datetime DEFAULT NULL,
  PRIMARY KEY (`id`)
) ENGINE=InnoDB AUTO_INCREMENT=5 DEFAULT CHARSET=utf8mb4;

/*Data for the table `topics` */

insert  into `topics`(`id`,`course_id`,`title`,`is_active`,`created_at`,`updated_at`,`deleted_at`) values (1,1,'Topic 1',1,'2019-11-14 14:12:19','2019-12-16 13:01:06',NULL),(2,1,'Topic 2',1,'2019-11-14 14:12:30',NULL,NULL),(3,3,'Topic 3',1,'2019-11-14 14:12:39',NULL,NULL),(4,3,'Topic 4',1,'2019-11-14 14:12:47','2019-12-16 13:00:56',NULL);

/*Table structure for table `vocabulary_words` */

DROP TABLE IF EXISTS `vocabulary_words`;

CREATE TABLE `vocabulary_words` (
  `id` int(11) NOT NULL AUTO_INCREMENT,
  `course_id` int(11) DEFAULT NULL,
  `first_word` varchar(125) DEFAULT NULL,
  `second_word` varchar(125) DEFAULT NULL,
  `full_word` varchar(125) DEFAULT NULL,
  `sentence` text,
  `is_active` tinyint(2) DEFAULT '1',
  `created_at` datetime DEFAULT NULL,
  `updated_at` datetime DEFAULT NULL,
  `deleted_at` datetime DEFAULT NULL,
  PRIMARY KEY (`id`)
) ENGINE=InnoDB AUTO_INCREMENT=8 DEFAULT CHARSET=utf8;

/*Data for the table `vocabulary_words` */

insert  into `vocabulary_words`(`id`,`course_id`,`first_word`,`second_word`,`full_word`,`sentence`,`is_active`,`created_at`,`updated_at`,`deleted_at`) values (1,2,'Ability','remarkable','Ability remarkable','a young woman with many remarkable musical/artistic/athletic abilities.',1,'2019-12-04 07:42:17','2019-12-10 07:18:32',NULL),(2,2,'Absence','Surprised','Absence Surprised','I expected to see her and was surprised by her absence.',1,'2019-12-04 07:44:00','2019-12-10 07:29:39',NULL),(3,2,'Accurate','Useful','Accurate Useful','The machines were not yet accurate enough to give useful results.',1,'2019-12-04 07:45:34',NULL,NULL),(4,2,'Balance','Change','Balance Change','The author keeps her readers off balance by always changing the subject.',1,'2019-12-04 07:46:57',NULL,NULL),(5,2,'Backhand','Catch','Backhand Catch','The shortstop made a nice backhand catch on a line drive.',1,'2019-12-04 07:48:05',NULL,NULL),(6,2,'Captured','Perfectly','Captured Perfectly','The beauty of the landscape was captured perfectly by the artist.',1,'2019-12-04 07:49:21',NULL,NULL),(7,2,'Ability aa','Surprised aa','rdf ddf','sdddd sdddf',1,'2019-12-17 07:36:27','2019-12-17 07:38:58',NULL);

/*Table structure for table `vocabulary_words_lang` */

DROP TABLE IF EXISTS `vocabulary_words_lang`;

CREATE TABLE `vocabulary_words_lang` (
  `id` int(11) NOT NULL AUTO_INCREMENT,
  `lang` varchar(50) DEFAULT 'ar',
  `word_id` int(11) DEFAULT NULL,
  `first_word` varchar(125) DEFAULT NULL,
  `second_word` varchar(125) DEFAULT NULL,
  `full_word` varchar(125) DEFAULT NULL,
  `sentence` text,
  `is_active` tinyint(2) DEFAULT '1',
  `created_at` datetime DEFAULT NULL,
  `updated_at` datetime DEFAULT NULL,
  `deleted_at` datetime DEFAULT NULL,
  PRIMARY KEY (`id`)
) ENGINE=InnoDB AUTO_INCREMENT=8 DEFAULT CHARSET=utf8;

/*Data for the table `vocabulary_words_lang` */

insert  into `vocabulary_words_lang`(`id`,`lang`,`word_id`,`first_word`,`second_word`,`full_word`,`sentence`,`is_active`,`created_at`,`updated_at`,`deleted_at`) values (1,'ar',1,'القدرة','لافت للنظر','القدرة الرائعة','امرأة شابة لديها العديد من القدرات الموسيقية / الفنية / الرياضية.',1,'2019-12-10 07:19:59','2019-12-10 07:19:59',NULL),(2,'ar',2,'غياب','فاجأ','الغياب مندهش','كنت أتوقع أن أراها وتفاجأت بغيابها.',1,'2019-12-10 07:45:22','2019-12-10 07:46:11',NULL),(3,'ar',3,'دقيق','مفيد','دقيقة مفيدة','الآلات لم تكن دقيقة بما يكفي لإعطاء نتائج مفيدة.',1,'2019-12-10 07:49:11','2019-12-10 07:49:11',NULL),(4,'ar',4,'توازن','يتغيرون','تغيير الرصيد','المؤلف يحافظ على توازن القراء من خلال تغيير الموضوع دائمًا.',1,'2019-12-10 07:53:24','2019-12-10 07:53:24',NULL),(5,'ar',5,'ضربة بقفا اليد','قبض على','ضربة خلفية','جعل شورتستوب ضربة خلفية جميلة على محرك أقراص.',1,'2019-12-10 07:57:02','2019-12-10 07:57:02',NULL),(6,'ar',6,'القبض','تماما','استولت تماما','تم التقاط جمال المناظر الطبيعية تمامًا بواسطة الفنان.',1,'2019-12-10 07:58:31','2019-12-10 07:58:31',NULL),(7,'ar',7,'Ability ass','sdsdds','dsd','sddd sddd',1,'2019-12-17 07:39:54','2019-12-17 07:39:54',NULL);

/*!40101 SET SQL_MODE=@OLD_SQL_MODE */;
/*!40014 SET FOREIGN_KEY_CHECKS=@OLD_FOREIGN_KEY_CHECKS */;
/*!40014 SET UNIQUE_CHECKS=@OLD_UNIQUE_CHECKS */;
/*!40111 SET SQL_NOTES=@OLD_SQL_NOTES */;
